wall_time,sim_time,symbol,event,side,price,pos_lots,detail
2026-04-09T16:03:20.681837,2024-12-10 09:30:15,TXRH,SUBMIT,BUY,191.72,0,PAIR bid+2tick=191.72
2026-04-09T16:03:20.683836,2024-12-10 09:30:15,TXRH,SUBMIT,SELL,193.06,0,PAIR ask-2tick=193.06
2026-04-09T16:03:20.683992,2024-12-10 09:30:15,TXRH,QUOTING,,,,BUY@191.72 SELL@193.06
2026-04-09T16:03:21.690511,2024-12-10 09:30:15,CROX,SUBMIT,BUY,110.13,0,PAIR bid+2tick=110.13
2026-04-09T16:03:21.691670,2024-12-10 09:30:15,CROX,SUBMIT,SELL,110.87,0,PAIR ask-2tick=110.87
2026-04-09T16:03:21.692077,2024-12-10 09:30:15,CROX,QUOTING,,,,BUY@110.13 SELL@110.87
2026-04-09T16:03:22.698165,2024-12-10 09:30:15,PZZA,SUBMIT,BUY,49.25,0,PAIR bid+2tick=49.25
2026-04-09T16:03:22.699444,2024-12-10 09:30:15,PZZA,SUBMIT,SELL,49.64,0,PAIR ask-2tick=49.64
2026-04-09T16:03:22.699968,2024-12-10 09:30:15,PZZA,QUOTING,,,,BUY@49.25 SELL@49.64
2026-04-09T16:03:23.705568,2024-12-10 09:30:15,CAR,SUBMIT,BUY,100.02,0,PAIR bid+2tick=100.02
2026-04-09T16:03:23.706569,2024-12-10 09:30:15,CAR,SUBMIT,SELL,101.19,0,PAIR ask-2tick=101.19
2026-04-09T16:03:23.707070,2024-12-10 09:30:15,CAR,QUOTING,,,,BUY@100.02 SELL@101.19
2026-04-09T16:03:24.713004,2024-12-10 09:30:15,HELE,SUBMIT,BUY,72.48,0,PAIR bid+2tick=72.48
2026-04-09T16:03:24.714134,2024-12-10 09:30:15,HELE,SUBMIT,SELL,73.59,0,PAIR ask-2tick=73.59
2026-04-09T16:03:24.714367,2024-12-10 09:30:15,HELE,QUOTING,,,,BUY@72.48 SELL@73.59
2026-04-09T16:03:25.720573,2024-12-10 09:30:15,JACK,SUBMIT,BUY,48.02,0,PAIR bid+2tick=48.02
2026-04-09T16:03:25.721893,2024-12-10 09:30:15,JACK,SUBMIT,SELL,48.68,0,PAIR ask-2tick=48.68
2026-04-09T16:03:25.722244,2024-12-10 09:30:15,JACK,QUOTING,,,,BUY@48.02 SELL@48.68
2026-04-09T16:03:26.729456,2024-12-10 09:30:15,SHOO,SUBMIT,BUY,43.62,0,PAIR bid+2tick=43.62
2026-04-09T16:03:26.731148,2024-12-10 09:30:15,SHOO,SUBMIT,SELL,43.92,0,PAIR ask-2tick=43.92
2026-04-09T16:03:26.731744,2024-12-10 09:30:15,SHOO,QUOTING,,,,BUY@43.62 SELL@43.92
2026-04-09T16:03:27.239709,2024-12-10 09:30:18,TXRH,CYCLE_CHECK,,,0,bid_filled=False ask_filled=False bid=191.7 ask=193.08
2026-04-09T16:03:28.254027,2024-12-10 09:30:18,TXRH,SUBMIT,BUY,191.72,0,REPRICE bid+2tick=191.72
2026-04-09T16:03:28.258325,2024-12-10 09:30:18,TXRH,SUBMIT,SELL,193.06,0,REPRICE ask-2tick=193.06
2026-04-09T16:03:28.260541,2024-12-10 09:30:18,TXRH,REPRICE,,,,BUY@191.72 SELL@193.06
2026-04-09T16:03:28.264427,2024-12-10 09:30:18,CROX,CYCLE_CHECK,,,0,bid_filled=False ask_filled=False bid=110.07 ask=110.89
2026-04-09T16:03:29.275135,2024-12-10 09:30:18,CROX,SUBMIT,BUY,110.09,0,REPRICE bid+2tick=110.09
2026-04-09T16:03:29.278620,2024-12-10 09:30:18,CROX,SUBMIT,SELL,110.87,0,REPRICE ask-2tick=110.87
2026-04-09T16:03:29.280309,2024-12-10 09:30:18,CROX,REPRICE,,,,BUY@110.09 SELL@110.87
2026-04-09T16:03:29.282661,2024-12-10 09:30:18,PZZA,CYCLE_CHECK,,,0,bid_filled=False ask_filled=False bid=49.23 ask=49.59
2026-04-09T16:03:30.289257,2024-12-10 09:30:18,PZZA,SUBMIT,BUY,49.25,0,REPRICE bid+2tick=49.25
2026-04-09T16:03:30.290585,2024-12-10 09:30:18,PZZA,SUBMIT,SELL,49.57,0,REPRICE ask-2tick=49.57
2026-04-09T16:03:30.291105,2024-12-10 09:30:18,PZZA,REPRICE,,,,BUY@49.25 SELL@49.57
2026-04-09T16:03:30.293514,2024-12-10 09:30:18,CAR,CYCLE_CHECK,,,0,bid_filled=False ask_filled=False bid=100.0 ask=101.21
2026-04-09T16:03:31.298001,2024-12-10 09:30:18,CAR,SUBMIT,BUY,100.02,0,REPRICE bid+2tick=100.02
2026-04-09T16:03:31.298793,2024-12-10 09:30:18,CAR,SUBMIT,SELL,101.19,0,REPRICE ask-2tick=101.19
2026-04-09T16:03:31.299112,2024-12-10 09:30:18,CAR,REPRICE,,,,BUY@100.02 SELL@101.19
2026-04-09T16:03:31.300161,2024-12-10 09:30:18,HELE,CYCLE_CHECK,,,0,bid_filled=False ask_filled=False bid=72.46 ask=73.62
2026-04-09T16:03:32.307598,2024-12-10 09:30:18,HELE,SUBMIT,BUY,72.48,0,REPRICE bid+2tick=72.48
2026-04-09T16:03:32.309406,2024-12-10 09:30:18,HELE,SUBMIT,SELL,73.6,0,REPRICE ask-2tick=73.6
2026-04-09T16:03:32.309811,2024-12-10 09:30:18,HELE,REPRICE,,,,BUY@72.48 SELL@73.6
2026-04-09T16:03:32.311790,2024-12-10 09:30:18,JACK,CYCLE_CHECK,,,0,bid_filled=False ask_filled=False bid=48.0 ask=48.7
2026-04-09T16:03:33.315271,2024-12-10 09:30:18,JACK,SUBMIT,BUY,48.02,0,REPRICE bid+2tick=48.02
2026-04-09T16:03:33.316549,2024-12-10 09:30:18,JACK,SUBMIT,SELL,48.68,0,REPRICE ask-2tick=48.68
2026-04-09T16:03:33.316997,2024-12-10 09:30:18,JACK,REPRICE,,,,BUY@48.02 SELL@48.68
2026-04-09T16:03:33.318062,2024-12-10 09:30:18,SHOO,CYCLE_CHECK,,,0,bid_filled=False ask_filled=False bid=43.6 ask=43.94
2026-04-09T16:03:34.324335,2024-12-10 09:30:18,SHOO,SUBMIT,BUY,43.62,0,REPRICE bid+2tick=43.62
2026-04-09T16:03:34.325114,2024-12-10 09:30:18,SHOO,SUBMIT,SELL,43.92,0,REPRICE ask-2tick=43.92
2026-04-09T16:03:34.325380,2024-12-10 09:30:18,SHOO,REPRICE,,,,BUY@43.62 SELL@43.92
2026-04-09T16:03:34.830190,2024-12-10 09:30:30,TXRH,CYCLE_CHECK,,,0,bid_filled=False ask_filled=False bid=191.7 ask=193.08
2026-04-09T16:03:35.840322,2024-12-10 09:30:30,TXRH,SUBMIT,BUY,191.72,0,REPRICE bid+2tick=191.72
2026-04-09T16:03:35.847178,2024-12-10 09:30:30,TXRH,SUBMIT,SELL,193.06,0,REPRICE ask-2tick=193.06
2026-04-09T16:03:35.847877,2024-12-10 09:30:30,TXRH,REPRICE,,,,BUY@191.72 SELL@193.06
2026-04-09T16:03:35.848577,2024-12-10 09:30:30,CROX,CYCLE_CHECK,,,0,bid_filled=False ask_filled=False bid=110.07 ask=110.89
2026-04-09T16:03:36.854434,2024-12-10 09:30:30,CROX,SUBMIT,BUY,110.09,0,REPRICE bid+2tick=110.09
2026-04-09T16:03:36.855744,2024-12-10 09:30:30,CROX,SUBMIT,SELL,110.87,0,REPRICE ask-2tick=110.87
2026-04-09T16:03:36.856104,2024-12-10 09:30:30,CROX,REPRICE,,,,BUY@110.09 SELL@110.87
2026-04-09T16:03:36.856990,2024-12-10 09:30:30,PZZA,CYCLE_CHECK,,,0,bid_filled=False ask_filled=False bid=49.02 ask=49.58
2026-04-09T16:03:37.862801,2024-12-10 09:30:30,PZZA,SUBMIT,BUY,49.04,0,REPRICE bid+2tick=49.04
2026-04-09T16:03:37.864360,2024-12-10 09:30:30,PZZA,SUBMIT,SELL,49.56,0,REPRICE ask-2tick=49.56
2026-04-09T16:03:37.864759,2024-12-10 09:30:30,PZZA,REPRICE,,,,BUY@49.04 SELL@49.56
2026-04-09T16:03:37.865285,2024-12-10 09:30:30,CAR,CYCLE_CHECK,,,1,bid_filled=True ask_filled=False bid=99.05 ask=101.21
2026-04-09T16:03:37.865601,2024-12-10 09:30:30,CAR,BID_FILLED,,,1,"long 1L — cancelling ask, liquidating at mid"
2026-04-09T16:03:38.872090,2024-12-10 09:30:30,CAR,SUBMIT,SELL,100.13,1,LIQ_AT_MID mid=100.13
2026-04-09T16:03:38.874708,2024-12-10 09:30:30,HELE,CYCLE_CHECK,,,0,bid_filled=False ask_filled=False bid=72.34 ask=73.62
2026-04-09T16:03:39.877997,2024-12-10 09:30:30,HELE,SUBMIT,BUY,72.36,0,REPRICE bid+2tick=72.36
2026-04-09T16:03:39.879012,2024-12-10 09:30:30,HELE,SUBMIT,SELL,73.6,0,REPRICE ask-2tick=73.6
2026-04-09T16:03:39.879607,2024-12-10 09:30:30,HELE,REPRICE,,,,BUY@72.36 SELL@73.6
2026-04-09T16:03:39.881245,2024-12-10 09:30:30,JACK,CYCLE_CHECK,,,0,bid_filled=False ask_filled=False bid=48.0 ask=48.7
2026-04-09T16:03:40.891468,2024-12-10 09:30:30,JACK,SUBMIT,BUY,48.02,0,REPRICE bid+2tick=48.02
2026-04-09T16:03:40.894960,2024-12-10 09:30:30,JACK,SUBMIT,SELL,48.68,0,REPRICE ask-2tick=48.68
2026-04-09T16:03:40.895296,2024-12-10 09:30:30,JACK,REPRICE,,,,BUY@48.02 SELL@48.68
2026-04-09T16:03:40.897229,2024-12-10 09:30:30,SHOO,CYCLE_CHECK,,,0,bid_filled=False ask_filled=False bid=43.6 ask=43.94
2026-04-09T16:03:41.904015,2024-12-10 09:30:30,SHOO,SUBMIT,BUY,43.62,0,REPRICE bid+2tick=43.62
2026-04-09T16:03:41.906017,2024-12-10 09:30:30,SHOO,SUBMIT,SELL,43.92,0,REPRICE ask-2tick=43.92
2026-04-09T16:03:41.906419,2024-12-10 09:30:30,SHOO,REPRICE,,,,BUY@43.62 SELL@43.92
2026-04-09T16:03:42.411671,2024-12-10 09:30:35,TXRH,CYCLE_CHECK,,,0,bid_filled=False ask_filled=False bid=191.7 ask=193.08
2026-04-09T16:03:43.417509,2024-12-10 09:30:35,TXRH,SUBMIT,BUY,191.72,0,REPRICE bid+2tick=191.72
2026-04-09T16:03:43.418226,2024-12-10 09:30:35,TXRH,SUBMIT,SELL,193.06,0,REPRICE ask-2tick=193.06
2026-04-09T16:03:43.418424,2024-12-10 09:30:35,TXRH,REPRICE,,,,BUY@191.72 SELL@193.06
2026-04-09T16:03:43.419450,2024-12-10 09:30:35,CROX,CYCLE_CHECK,,,0,bid_filled=False ask_filled=False bid=110.07 ask=110.89
2026-04-09T16:03:44.426561,2024-12-10 09:30:35,CROX,SUBMIT,BUY,110.09,0,REPRICE bid+2tick=110.09
2026-04-09T16:03:44.427767,2024-12-10 09:30:35,CROX,SUBMIT,SELL,110.87,0,REPRICE ask-2tick=110.87
2026-04-09T16:03:44.428244,2024-12-10 09:30:35,CROX,REPRICE,,,,BUY@110.09 SELL@110.87
2026-04-09T16:03:44.429308,2024-12-10 09:30:35,PZZA,CYCLE_CHECK,,,0,bid_filled=False ask_filled=False bid=49.02 ask=49.58
2026-04-09T16:03:45.436910,2024-12-10 09:30:35,PZZA,SUBMIT,BUY,49.04,0,REPRICE bid+2tick=49.04
2026-04-09T16:03:45.439128,2024-12-10 09:30:35,PZZA,SUBMIT,SELL,49.56,0,REPRICE ask-2tick=49.56
2026-04-09T16:03:45.439436,2024-12-10 09:30:35,PZZA,REPRICE,,,,BUY@49.04 SELL@49.56
2026-04-09T16:03:46.443703,2024-12-10 09:30:35,CAR,SUBMIT,SELL,100.13,1,LIQ_MID cycle=1 mid=100.13
2026-04-09T16:03:46.444530,2024-12-10 09:30:35,CAR,LIQ_REPRICE,SELL,100.13,1,cycle=1
2026-04-09T16:03:46.445757,2024-12-10 09:30:35,HELE,CYCLE_CHECK,,,0,bid_filled=False ask_filled=False bid=72.34 ask=73.61
2026-04-09T16:03:47.452433,2024-12-10 09:30:35,HELE,SUBMIT,BUY,72.36,0,REPRICE bid+2tick=72.36
2026-04-09T16:03:47.453522,2024-12-10 09:30:35,HELE,SUBMIT,SELL,73.59,0,REPRICE ask-2tick=73.59
2026-04-09T16:03:47.453913,2024-12-10 09:30:35,HELE,REPRICE,,,,BUY@72.36 SELL@73.59
2026-04-09T16:03:47.455003,2024-12-10 09:30:35,JACK,CYCLE_CHECK,,,0,bid_filled=False ask_filled=False bid=48.0 ask=48.7
2026-04-09T16:03:48.461496,2024-12-10 09:30:35,JACK,SUBMIT,BUY,48.02,0,REPRICE bid+2tick=48.02
2026-04-09T16:03:48.462744,2024-12-10 09:30:35,JACK,SUBMIT,SELL,48.68,0,REPRICE ask-2tick=48.68
2026-04-09T16:03:48.463072,2024-12-10 09:30:35,JACK,REPRICE,,,,BUY@48.02 SELL@48.68
2026-04-09T16:03:48.463970,2024-12-10 09:30:35,SHOO,CYCLE_CHECK,,,0,bid_filled=False ask_filled=False bid=43.6 ask=43.94
2026-04-09T16:03:49.467481,2024-12-10 09:30:35,SHOO,SUBMIT,BUY,43.62,0,REPRICE bid+2tick=43.62
2026-04-09T16:03:49.468703,2024-12-10 09:30:35,SHOO,SUBMIT,SELL,43.92,0,REPRICE ask-2tick=43.92
2026-04-09T16:03:49.469130,2024-12-10 09:30:35,SHOO,REPRICE,,,,BUY@43.62 SELL@43.92
2026-04-09T16:03:49.977453,2024-12-10 09:30:35,TXRH,CYCLE_CHECK,,,0,bid_filled=False ask_filled=False bid=191.7 ask=193.08
2026-04-09T16:03:50.983785,2024-12-10 09:30:35,TXRH,SUBMIT,BUY,191.72,0,REPRICE bid+2tick=191.72
2026-04-09T16:03:50.985071,2024-12-10 09:30:35,TXRH,SUBMIT,SELL,193.06,0,REPRICE ask-2tick=193.06
2026-04-09T16:03:50.985476,2024-12-10 09:30:35,TXRH,REPRICE,,,,BUY@191.72 SELL@193.06
2026-04-09T16:03:50.986552,2024-12-10 09:30:35,CROX,CYCLE_CHECK,,,0,bid_filled=False ask_filled=False bid=110.07 ask=110.88
2026-04-09T16:03:51.989931,2024-12-10 09:30:35,CROX,SUBMIT,BUY,110.09,0,REPRICE bid+2tick=110.09
2026-04-09T16:03:51.991101,2024-12-10 09:30:35,CROX,SUBMIT,SELL,110.86,0,REPRICE ask-2tick=110.86
2026-04-09T16:03:51.991446,2024-12-10 09:30:35,CROX,REPRICE,,,,BUY@110.09 SELL@110.86
2026-04-09T16:03:51.992567,2024-12-10 09:30:35,PZZA,CYCLE_CHECK,,,0,bid_filled=False ask_filled=False bid=49.1 ask=49.58
2026-04-09T16:03:52.999196,2024-12-10 09:30:35,PZZA,SUBMIT,BUY,49.12,0,REPRICE bid+2tick=49.12
2026-04-09T16:03:53.000262,2024-12-10 09:30:35,PZZA,SUBMIT,SELL,49.56,0,REPRICE ask-2tick=49.56
2026-04-09T16:03:53.000423,2024-12-10 09:30:35,PZZA,REPRICE,,,,BUY@49.12 SELL@49.56
2026-04-09T16:03:54.004864,2024-12-10 09:30:35,CAR,SUBMIT,SELL,100.13,1,LIQ_MID cycle=2 mid=100.13
2026-04-09T16:03:54.005710,2024-12-10 09:30:35,CAR,LIQ_REPRICE,SELL,100.13,1,cycle=2
2026-04-09T16:03:54.006712,2024-12-10 09:30:35,HELE,CYCLE_CHECK,,,0,bid_filled=False ask_filled=False bid=72.34 ask=73.61
2026-04-09T16:03:55.013156,2024-12-10 09:30:35,HELE,SUBMIT,BUY,72.36,0,REPRICE bid+2tick=72.36
2026-04-09T16:03:55.014369,2024-12-10 09:30:35,HELE,SUBMIT,SELL,73.59,0,REPRICE ask-2tick=73.59
2026-04-09T16:03:55.014709,2024-12-10 09:30:35,HELE,REPRICE,,,,BUY@72.36 SELL@73.59
2026-04-09T16:03:55.015462,2024-12-10 09:30:35,JACK,CYCLE_CHECK,,,0,bid_filled=False ask_filled=False bid=48.0 ask=48.7
2026-04-09T16:03:56.019921,2024-12-10 09:30:35,JACK,SUBMIT,BUY,48.02,0,REPRICE bid+2tick=48.02
2026-04-09T16:03:56.021096,2024-12-10 09:30:35,JACK,SUBMIT,SELL,48.68,0,REPRICE ask-2tick=48.68
2026-04-09T16:03:56.021427,2024-12-10 09:30:35,JACK,REPRICE,,,,BUY@48.02 SELL@48.68
2026-04-09T16:03:56.022286,2024-12-10 09:30:35,SHOO,CYCLE_CHECK,,,0,bid_filled=False ask_filled=False bid=43.6 ask=43.94
2026-04-09T16:03:57.025888,2024-12-10 09:30:35,SHOO,SUBMIT,BUY,43.62,0,REPRICE bid+2tick=43.62
2026-04-09T16:03:57.026940,2024-12-10 09:30:35,SHOO,SUBMIT,SELL,43.92,0,REPRICE ask-2tick=43.92
2026-04-09T16:03:57.027282,2024-12-10 09:30:35,SHOO,REPRICE,,,,BUY@43.62 SELL@43.92
2026-04-09T16:03:57.530586,2024-12-10 09:30:35,TXRH,CYCLE_CHECK,,,0,bid_filled=False ask_filled=False bid=191.7 ask=193.08
2026-04-09T16:03:58.541567,2024-12-10 09:30:35,TXRH,SUBMIT,BUY,191.72,0,REPRICE bid+2tick=191.72
2026-04-09T16:03:58.543317,2024-12-10 09:30:35,TXRH,SUBMIT,SELL,193.06,0,REPRICE ask-2tick=193.06
2026-04-09T16:03:58.543600,2024-12-10 09:30:35,TXRH,REPRICE,,,,BUY@191.72 SELL@193.06
2026-04-09T16:03:58.544475,2024-12-10 09:30:35,CROX,CYCLE_CHECK,,,0,bid_filled=False ask_filled=False bid=110.07 ask=110.88
2026-04-09T16:03:59.548716,2024-12-10 09:30:35,CROX,SUBMIT,BUY,110.09,0,REPRICE bid+2tick=110.09
2026-04-09T16:03:59.549819,2024-12-10 09:30:35,CROX,SUBMIT,SELL,110.86,0,REPRICE ask-2tick=110.86
2026-04-09T16:03:59.550309,2024-12-10 09:30:35,CROX,REPRICE,,,,BUY@110.09 SELL@110.86
2026-04-09T16:03:59.551344,2024-12-10 09:30:35,PZZA,CYCLE_CHECK,,,0,bid_filled=False ask_filled=False bid=49.11 ask=49.59
2026-04-09T16:04:00.555422,2024-12-10 09:30:35,PZZA,SUBMIT,BUY,49.13,0,REPRICE bid+2tick=49.13
2026-04-09T16:04:00.556506,2024-12-10 09:30:35,PZZA,SUBMIT,SELL,49.57,0,REPRICE ask-2tick=49.57
2026-04-09T16:04:00.556939,2024-12-10 09:30:35,PZZA,REPRICE,,,,BUY@49.13 SELL@49.57
2026-04-09T16:04:01.564241,2024-12-10 09:30:35,CAR,SUBMIT,SELL,100.13,1,LIQ_MID cycle=3 mid=100.13
2026-04-09T16:04:01.564960,2024-12-10 09:30:35,CAR,LIQ_REPRICE,SELL,100.13,1,cycle=3
2026-04-09T16:04:01.566032,2024-12-10 09:30:35,HELE,CYCLE_CHECK,,,0,bid_filled=False ask_filled=False bid=72.34 ask=73.61
2026-04-09T16:04:02.572108,2024-12-10 09:30:35,HELE,SUBMIT,BUY,72.36,0,REPRICE bid+2tick=72.36
2026-04-09T16:04:02.573170,2024-12-10 09:30:35,HELE,SUBMIT,SELL,73.59,0,REPRICE ask-2tick=73.59
2026-04-09T16:04:02.573443,2024-12-10 09:30:35,HELE,REPRICE,,,,BUY@72.36 SELL@73.59
2026-04-09T16:04:02.574121,2024-12-10 09:30:35,JACK,CYCLE_CHECK,,,0,bid_filled=False ask_filled=False bid=48.0 ask=48.7
2026-04-09T16:04:03.580983,2024-12-10 09:30:35,JACK,SUBMIT,BUY,48.02,0,REPRICE bid+2tick=48.02
2026-04-09T16:04:03.582164,2024-12-10 09:30:35,JACK,SUBMIT,SELL,48.68,0,REPRICE ask-2tick=48.68
2026-04-09T16:04:03.582513,2024-12-10 09:30:35,JACK,REPRICE,,,,BUY@48.02 SELL@48.68
2026-04-09T16:04:03.583146,2024-12-10 09:30:35,SHOO,CYCLE_CHECK,,,0,bid_filled=False ask_filled=False bid=43.6 ask=43.94
2026-04-09T16:04:04.591888,2024-12-10 09:30:35,SHOO,SUBMIT,BUY,43.62,0,REPRICE bid+2tick=43.62
2026-04-09T16:04:04.593575,2024-12-10 09:30:35,SHOO,SUBMIT,SELL,43.92,0,REPRICE ask-2tick=43.92
2026-04-09T16:04:04.593777,2024-12-10 09:30:35,SHOO,REPRICE,,,,BUY@43.62 SELL@43.92
2026-04-09T16:04:05.102509,2024-12-10 09:30:35,TXRH,CYCLE_CHECK,,,0,bid_filled=False ask_filled=False bid=192.0 ask=192.84
2026-04-09T16:04:06.120950,2024-12-10 09:30:35,TXRH,SUBMIT,BUY,192.02,0,REPRICE bid+2tick=192.02
2026-04-09T16:04:06.123883,2024-12-10 09:30:35,TXRH,SUBMIT,SELL,192.82,0,REPRICE ask-2tick=192.82
2026-04-09T16:04:06.124140,2024-12-10 09:30:35,TXRH,REPRICE,,,,BUY@192.02 SELL@192.82
2026-04-09T16:04:06.125388,2024-12-10 09:30:35,CROX,CYCLE_CHECK,,,0,bid_filled=False ask_filled=False bid=110.11 ask=110.87
2026-04-09T16:04:07.131095,2024-12-10 09:30:35,CROX,SUBMIT,BUY,110.13,0,REPRICE bid+2tick=110.13
2026-04-09T16:04:07.131470,2024-12-10 09:30:35,CROX,SUBMIT,SELL,110.85,0,REPRICE ask-2tick=110.85
2026-04-09T16:04:07.131579,2024-12-10 09:30:35,CROX,REPRICE,,,,BUY@110.13 SELL@110.85
2026-04-09T16:04:07.131908,2024-12-10 09:30:35,PZZA,CYCLE_CHECK,,,0,bid_filled=False ask_filled=False bid=49.11 ask=49.59
2026-04-09T16:04:08.137550,2024-12-10 09:30:35,PZZA,SUBMIT,BUY,49.13,0,REPRICE bid+2tick=49.13
2026-04-09T16:04:08.138613,2024-12-10 09:30:35,PZZA,SUBMIT,SELL,49.57,0,REPRICE ask-2tick=49.57
2026-04-09T16:04:08.138968,2024-12-10 09:30:35,PZZA,REPRICE,,,,BUY@49.13 SELL@49.57
2026-04-09T16:04:09.143345,2024-12-10 09:30:35,CAR,SUBMIT,SELL,100.13,1,LIQ_MID cycle=4 mid=100.13
2026-04-09T16:04:09.144181,2024-12-10 09:30:35,CAR,LIQ_REPRICE,SELL,100.13,1,cycle=4
2026-04-09T16:04:09.144904,2024-12-10 09:30:35,HELE,CYCLE_CHECK,,,0,bid_filled=False ask_filled=False bid=72.34 ask=73.61
2026-04-09T16:04:10.151235,2024-12-10 09:30:35,HELE,SUBMIT,BUY,72.36,0,REPRICE bid+2tick=72.36
2026-04-09T16:04:10.151872,2024-12-10 09:30:35,HELE,SUBMIT,SELL,73.59,0,REPRICE ask-2tick=73.59
2026-04-09T16:04:10.152101,2024-12-10 09:30:35,HELE,REPRICE,,,,BUY@72.36 SELL@73.59
2026-04-09T16:04:10.152545,2024-12-10 09:30:35,JACK,CYCLE_CHECK,,,0,bid_filled=False ask_filled=False bid=48.0 ask=48.7
2026-04-09T16:04:11.173663,2024-12-10 09:30:35,JACK,SUBMIT,BUY,48.02,0,REPRICE bid+2tick=48.02
2026-04-09T16:04:11.189187,2024-12-10 09:30:35,JACK,SUBMIT,SELL,48.68,0,REPRICE ask-2tick=48.68
2026-04-09T16:04:11.191791,2024-12-10 09:30:35,JACK,REPRICE,,,,BUY@48.02 SELL@48.68
2026-04-09T16:04:11.194674,2024-12-10 09:30:35,SHOO,CYCLE_CHECK,,,0,bid_filled=False ask_filled=False bid=43.6 ask=43.94
2026-04-09T16:04:12.202605,2024-12-10 09:30:35,SHOO,SUBMIT,BUY,43.62,0,REPRICE bid+2tick=43.62
2026-04-09T16:04:12.205777,2024-12-10 09:30:35,SHOO,SUBMIT,SELL,43.92,0,REPRICE ask-2tick=43.92
2026-04-09T16:04:12.206306,2024-12-10 09:30:35,SHOO,REPRICE,,,,BUY@43.62 SELL@43.92
2026-04-09T16:04:12.711276,2024-12-10 09:30:35,TXRH,CYCLE_CHECK,,,0,bid_filled=False ask_filled=False bid=192.0 ask=192.84
2026-04-09T16:04:13.715337,2024-12-10 09:30:35,TXRH,SUBMIT,BUY,192.02,0,REPRICE bid+2tick=192.02
2026-04-09T16:04:13.716134,2024-12-10 09:30:35,TXRH,SUBMIT,SELL,192.82,0,REPRICE ask-2tick=192.82
2026-04-09T16:04:13.716376,2024-12-10 09:30:35,TXRH,REPRICE,,,,BUY@192.02 SELL@192.82
2026-04-09T16:04:13.716959,2024-12-10 09:30:35,CROX,CYCLE_CHECK,,,0,bid_filled=False ask_filled=False bid=110.11 ask=110.87
2026-04-09T16:04:14.722723,2024-12-10 09:30:35,CROX,SUBMIT,BUY,110.13,0,REPRICE bid+2tick=110.13
2026-04-09T16:04:14.723218,2024-12-10 09:30:35,CROX,SUBMIT,SELL,110.85,0,REPRICE ask-2tick=110.85
2026-04-09T16:04:14.723411,2024-12-10 09:30:35,CROX,REPRICE,,,,BUY@110.13 SELL@110.85
2026-04-09T16:04:14.723849,2024-12-10 09:30:35,PZZA,CYCLE_CHECK,,,0,bid_filled=False ask_filled=False bid=49.11 ask=49.59
2026-04-09T16:04:15.729787,2024-12-10 09:30:35,PZZA,SUBMIT,BUY,49.13,0,REPRICE bid+2tick=49.13
2026-04-09T16:04:15.730687,2024-12-10 09:30:35,PZZA,SUBMIT,SELL,49.57,0,REPRICE ask-2tick=49.57
2026-04-09T16:04:15.731094,2024-12-10 09:30:35,PZZA,REPRICE,,,,BUY@49.13 SELL@49.57
2026-04-09T16:04:16.737968,2024-12-10 09:30:35,CAR,SUBMIT,SELL,100.13,1,LIQ_MID cycle=5 mid=100.13
2026-04-09T16:04:16.738783,2024-12-10 09:30:35,CAR,LIQ_REPRICE,SELL,100.13,1,cycle=5
2026-04-09T16:04:16.739352,2024-12-10 09:30:35,HELE,CYCLE_CHECK,,,0,bid_filled=False ask_filled=False bid=72.34 ask=73.61
2026-04-09T16:04:17.744880,2024-12-10 09:30:35,HELE,SUBMIT,BUY,72.36,0,REPRICE bid+2tick=72.36
2026-04-09T16:04:17.745712,2024-12-10 09:30:35,HELE,SUBMIT,SELL,73.59,0,REPRICE ask-2tick=73.59
2026-04-09T16:04:17.746042,2024-12-10 09:30:35,HELE,REPRICE,,,,BUY@72.36 SELL@73.59
2026-04-09T16:04:17.746976,2024-12-10 09:30:35,JACK,CYCLE_CHECK,,,0,bid_filled=False ask_filled=False bid=48.0 ask=48.7
2026-04-09T16:04:18.751440,2024-12-10 09:30:35,JACK,SUBMIT,BUY,48.02,0,REPRICE bid+2tick=48.02
2026-04-09T16:04:18.752372,2024-12-10 09:30:35,JACK,SUBMIT,SELL,48.68,0,REPRICE ask-2tick=48.68
2026-04-09T16:04:18.752613,2024-12-10 09:30:35,JACK,REPRICE,,,,BUY@48.02 SELL@48.68
2026-04-09T16:04:18.753060,2024-12-10 09:30:35,SHOO,CYCLE_CHECK,,,0,bid_filled=False ask_filled=False bid=43.6 ask=43.81
2026-04-09T16:04:19.759188,2024-12-10 09:30:35,SHOO,SUBMIT,BUY,43.62,0,REPRICE bid+2tick=43.62
2026-04-09T16:04:19.759538,2024-12-10 09:30:35,SHOO,SUBMIT,SELL,43.79,0,REPRICE ask-2tick=43.79
2026-04-09T16:04:19.759603,2024-12-10 09:30:35,SHOO,REPRICE,,,,BUY@43.62 SELL@43.79
2026-04-09T16:04:20.266979,2024-12-10 09:30:35,TXRH,CYCLE_CHECK,,,0,bid_filled=False ask_filled=False bid=192.0 ask=192.84
2026-04-09T16:04:21.272987,2024-12-10 09:30:35,TXRH,SUBMIT,BUY,192.02,0,REPRICE bid+2tick=192.02
2026-04-09T16:04:21.274535,2024-12-10 09:30:35,TXRH,SUBMIT,SELL,192.82,0,REPRICE ask-2tick=192.82
2026-04-09T16:04:21.274875,2024-12-10 09:30:35,TXRH,REPRICE,,,,BUY@192.02 SELL@192.82
2026-04-09T16:04:21.276735,2024-12-10 09:30:35,CROX,CYCLE_CHECK,,,0,bid_filled=False ask_filled=False bid=110.11 ask=110.88
2026-04-09T16:04:22.285728,2024-12-10 09:30:35,CROX,SUBMIT,BUY,110.13,0,REPRICE bid+2tick=110.13
2026-04-09T16:04:22.300805,2024-12-10 09:30:35,CROX,SUBMIT,SELL,110.86,0,REPRICE ask-2tick=110.86
2026-04-09T16:04:22.301089,2024-12-10 09:30:35,CROX,REPRICE,,,,BUY@110.13 SELL@110.86
2026-04-09T16:04:22.304098,2024-12-10 09:30:35,PZZA,CYCLE_CHECK,,,0,bid_filled=False ask_filled=False bid=49.11 ask=49.59
2026-04-09T16:04:23.317049,2024-12-10 09:30:35,PZZA,SUBMIT,BUY,49.13,0,REPRICE bid+2tick=49.13
2026-04-09T16:04:23.323551,2024-12-10 09:30:35,PZZA,SUBMIT,SELL,49.57,0,REPRICE ask-2tick=49.57
2026-04-09T16:04:23.323814,2024-12-10 09:30:35,PZZA,REPRICE,,,,BUY@49.13 SELL@49.57
2026-04-09T16:04:24.334787,2024-12-10 09:30:35,CAR,SUBMIT,SELL,100.13,1,LIQ_MID cycle=6 mid=100.13
2026-04-09T16:04:24.346513,2024-12-10 09:30:35,CAR,LIQ_REPRICE,SELL,100.13,1,cycle=6
2026-04-09T16:04:24.353410,2024-12-10 09:30:35,HELE,CYCLE_CHECK,,,0,bid_filled=False ask_filled=False bid=72.34 ask=73.61
2026-04-09T16:04:25.362287,2024-12-10 09:30:35,HELE,SUBMIT,BUY,72.36,0,REPRICE bid+2tick=72.36
2026-04-09T16:04:25.366727,2024-12-10 09:30:35,HELE,SUBMIT,SELL,73.59,0,REPRICE ask-2tick=73.59
2026-04-09T16:04:25.367161,2024-12-10 09:30:35,HELE,REPRICE,,,,BUY@72.36 SELL@73.59
2026-04-09T16:04:25.369861,2024-12-10 09:30:35,JACK,CYCLE_CHECK,,,0,bid_filled=False ask_filled=False bid=48.0 ask=48.7
2026-04-09T16:04:26.374553,2024-12-10 09:30:35,JACK,SUBMIT,BUY,48.02,0,REPRICE bid+2tick=48.02
2026-04-09T16:04:26.375577,2024-12-10 09:30:35,JACK,SUBMIT,SELL,48.68,0,REPRICE ask-2tick=48.68
2026-04-09T16:04:26.375921,2024-12-10 09:30:35,JACK,REPRICE,,,,BUY@48.02 SELL@48.68
2026-04-09T16:04:26.376602,2024-12-10 09:30:35,SHOO,CYCLE_CHECK,,,1,bid_filled=True ask_filled=False bid=43.55 ask=43.79
2026-04-09T16:04:26.376935,2024-12-10 09:30:35,SHOO,BID_FILLED,,,1,"long 1L — cancelling ask, liquidating at mid"
2026-04-09T16:04:27.383302,2024-12-10 09:30:35,SHOO,SUBMIT,SELL,43.67,1,LIQ_AT_MID mid=43.67
2026-04-09T16:04:27.890359,2024-12-10 09:31:20,TXRH,CYCLE_CHECK,,,0,bid_filled=False ask_filled=False bid=192.0 ask=192.84
2026-04-09T16:04:28.902556,2024-12-10 09:31:20,TXRH,SUBMIT,BUY,192.02,0,REPRICE bid+2tick=192.02
2026-04-09T16:04:28.904622,2024-12-10 09:31:20,TXRH,SUBMIT,SELL,192.82,0,REPRICE ask-2tick=192.82
2026-04-09T16:04:28.905554,2024-12-10 09:31:20,TXRH,REPRICE,,,,BUY@192.02 SELL@192.82
2026-04-09T16:04:28.907288,2024-12-10 09:31:20,CROX,CYCLE_CHECK,,,0,bid_filled=False ask_filled=False bid=110.11 ask=110.89
2026-04-09T16:04:29.917985,2024-12-10 09:31:20,CROX,SUBMIT,BUY,110.13,0,REPRICE bid+2tick=110.13
2026-04-09T16:04:29.919853,2024-12-10 09:31:20,CROX,SUBMIT,SELL,110.87,0,REPRICE ask-2tick=110.87
2026-04-09T16:04:29.920284,2024-12-10 09:31:20,CROX,REPRICE,,,,BUY@110.13 SELL@110.87
2026-04-09T16:04:29.921472,2024-12-10 09:31:20,PZZA,CYCLE_CHECK,,,0,bid_filled=False ask_filled=False bid=49.11 ask=49.4
2026-04-09T16:04:30.926274,2024-12-10 09:31:20,PZZA,SUBMIT,BUY,49.13,0,REPRICE bid+2tick=49.13
2026-04-09T16:04:30.927404,2024-12-10 09:31:20,PZZA,SUBMIT,SELL,49.38,0,REPRICE ask-2tick=49.38
2026-04-09T16:04:30.927794,2024-12-10 09:31:20,PZZA,REPRICE,,,,BUY@49.13 SELL@49.38
2026-04-09T16:04:31.939798,2024-12-10 09:31:20,CAR,SUBMIT,SELL,100.13,1,LIQ_MID cycle=7 mid=100.13
2026-04-09T16:04:31.942215,2024-12-10 09:31:20,CAR,LIQ_REPRICE,SELL,100.13,1,cycle=7
2026-04-09T16:04:31.946961,2024-12-10 09:31:20,HELE,CYCLE_CHECK,,,0,bid_filled=False ask_filled=False bid=72.34 ask=73.61
2026-04-09T16:04:32.955604,2024-12-10 09:31:20,HELE,SUBMIT,BUY,72.36,0,REPRICE bid+2tick=72.36
2026-04-09T16:04:32.965564,2024-12-10 09:31:20,HELE,SUBMIT,SELL,73.59,0,REPRICE ask-2tick=73.59
2026-04-09T16:04:32.965950,2024-12-10 09:31:20,HELE,REPRICE,,,,BUY@72.36 SELL@73.59
2026-04-09T16:04:32.967799,2024-12-10 09:31:20,JACK,CYCLE_CHECK,,,0,bid_filled=False ask_filled=False bid=48.0 ask=48.65
2026-04-09T16:04:34.172345,2024-12-10 09:31:20,JACK,SUBMIT,BUY,48.02,0,REPRICE bid+2tick=48.02
2026-04-09T16:04:34.190417,2024-12-10 09:31:20,JACK,SUBMIT,SELL,48.63,0,REPRICE ask-2tick=48.63
2026-04-09T16:04:34.191032,2024-12-10 09:31:20,JACK,REPRICE,,,,BUY@48.02 SELL@48.63
2026-04-09T16:04:35.202319,2024-12-10 09:31:20,SHOO,SUBMIT,SELL,43.66,1,LIQ_MID cycle=1 mid=43.66
2026-04-09T16:04:35.204545,2024-12-10 09:31:20,SHOO,LIQ_REPRICE,SELL,43.66,1,cycle=1
2026-04-09T16:04:35.712059,2024-12-10 09:31:20,TXRH,CYCLE_CHECK,,,0,bid_filled=False ask_filled=False bid=191.7 ask=192.89
2026-04-09T16:04:36.721841,2024-12-10 09:31:20,TXRH,SUBMIT,BUY,191.72,0,REPRICE bid+2tick=191.72
2026-04-09T16:04:36.724491,2024-12-10 09:31:20,TXRH,SUBMIT,SELL,192.87,0,REPRICE ask-2tick=192.87
2026-04-09T16:04:36.724727,2024-12-10 09:31:20,TXRH,REPRICE,,,,BUY@191.72 SELL@192.87
2026-04-09T16:04:36.725464,2024-12-10 09:31:20,CROX,CYCLE_CHECK,,,0,bid_filled=False ask_filled=False bid=110.12 ask=110.89
2026-04-09T16:04:37.731935,2024-12-10 09:31:20,CROX,SUBMIT,BUY,110.14,0,REPRICE bid+2tick=110.14
2026-04-09T16:04:37.733233,2024-12-10 09:31:20,CROX,SUBMIT,SELL,110.87,0,REPRICE ask-2tick=110.87
2026-04-09T16:04:37.733708,2024-12-10 09:31:20,CROX,REPRICE,,,,BUY@110.14 SELL@110.87
2026-04-09T16:04:37.735356,2024-12-10 09:31:20,PZZA,CYCLE_CHECK,,,0,bid_filled=False ask_filled=False bid=49.11 ask=49.4
2026-04-09T16:04:38.742536,2024-12-10 09:31:20,PZZA,SUBMIT,BUY,49.13,0,REPRICE bid+2tick=49.13
2026-04-09T16:04:38.744169,2024-12-10 09:31:20,PZZA,SUBMIT,SELL,49.38,0,REPRICE ask-2tick=49.38
2026-04-09T16:04:38.744341,2024-12-10 09:31:20,PZZA,REPRICE,,,,BUY@49.13 SELL@49.38
2026-04-09T16:04:39.750142,2024-12-10 09:31:20,CAR,SUBMIT,SELL,100.13,1,LIQ_MID cycle=8 mid=100.13
2026-04-09T16:04:39.750635,2024-12-10 09:31:20,CAR,LIQ_REPRICE,SELL,100.13,1,cycle=8
2026-04-09T16:04:39.751382,2024-12-10 09:31:20,HELE,CYCLE_CHECK,,,0,bid_filled=False ask_filled=False bid=72.34 ask=73.61
2026-04-09T16:04:40.755007,2024-12-10 09:31:20,HELE,SUBMIT,BUY,72.36,0,REPRICE bid+2tick=72.36
2026-04-09T16:04:40.755749,2024-12-10 09:31:20,HELE,SUBMIT,SELL,73.59,0,REPRICE ask-2tick=73.59
2026-04-09T16:04:40.755989,2024-12-10 09:31:20,HELE,REPRICE,,,,BUY@72.36 SELL@73.59
2026-04-09T16:04:40.756501,2024-12-10 09:31:20,JACK,CYCLE_CHECK,,,0,bid_filled=False ask_filled=False bid=48.0 ask=48.63
2026-04-09T16:04:41.761800,2024-12-10 09:31:20,JACK,SUBMIT,BUY,48.02,0,REPRICE bid+2tick=48.02
2026-04-09T16:04:41.763515,2024-12-10 09:31:20,JACK,SUBMIT,SELL,48.61,0,REPRICE ask-2tick=48.61
2026-04-09T16:04:41.764571,2024-12-10 09:31:20,JACK,REPRICE,,,,BUY@48.02 SELL@48.61
2026-04-09T16:04:42.769927,2024-12-10 09:31:20,SHOO,SUBMIT,SELL,43.66,1,LIQ_MID cycle=2 mid=43.66
2026-04-09T16:04:42.771219,2024-12-10 09:31:20,SHOO,LIQ_REPRICE,SELL,43.66,1,cycle=2
2026-04-09T16:04:43.273871,2024-12-10 09:31:38,TXRH,CYCLE_CHECK,,,0,bid_filled=False ask_filled=False bid=191.7 ask=192.89
2026-04-09T16:04:44.279935,2024-12-10 09:31:38,TXRH,SUBMIT,BUY,191.72,0,REPRICE bid+2tick=191.72
2026-04-09T16:04:44.280483,2024-12-10 09:31:38,TXRH,SUBMIT,SELL,192.87,0,REPRICE ask-2tick=192.87
2026-04-09T16:04:44.280778,2024-12-10 09:31:38,TXRH,REPRICE,,,,BUY@191.72 SELL@192.87
2026-04-09T16:04:44.281221,2024-12-10 09:31:38,CROX,CYCLE_CHECK,,,0,bid_filled=False ask_filled=False bid=110.12 ask=110.89
2026-04-09T16:04:45.286075,2024-12-10 09:31:38,CROX,SUBMIT,BUY,110.14,0,REPRICE bid+2tick=110.14
2026-04-09T16:04:45.288554,2024-12-10 09:31:38,CROX,SUBMIT,SELL,110.87,0,REPRICE ask-2tick=110.87
2026-04-09T16:04:45.289379,2024-12-10 09:31:38,CROX,REPRICE,,,,BUY@110.14 SELL@110.87
2026-04-09T16:04:45.290575,2024-12-10 09:31:38,PZZA,CYCLE_CHECK,,,1,bid_filled=True ask_filled=False bid=48.92 ask=49.38
2026-04-09T16:04:45.292496,2024-12-10 09:31:38,PZZA,BID_FILLED,,,1,"long 1L — cancelling ask, liquidating at mid"
2026-04-09T16:04:46.298336,2024-12-10 09:31:38,PZZA,SUBMIT,SELL,49.15,1,LIQ_AT_MID mid=49.15
2026-04-09T16:04:47.301992,2024-12-10 09:31:38,CAR,SUBMIT,SELL,100.13,1,LIQ_MID cycle=9 mid=100.13
2026-04-09T16:04:47.302671,2024-12-10 09:31:38,CAR,LIQ_REPRICE,SELL,100.13,1,cycle=9
2026-04-09T16:04:47.303711,2024-12-10 09:31:38,HELE,CYCLE_CHECK,,,0,bid_filled=False ask_filled=False bid=72.34 ask=73.61
2026-04-09T16:04:48.312722,2024-12-10 09:31:38,HELE,SUBMIT,BUY,72.36,0,REPRICE bid+2tick=72.36
2026-04-09T16:04:48.314828,2024-12-10 09:31:38,HELE,SUBMIT,SELL,73.59,0,REPRICE ask-2tick=73.59
2026-04-09T16:04:48.315197,2024-12-10 09:31:38,HELE,REPRICE,,,,BUY@72.36 SELL@73.59
2026-04-09T16:04:48.316006,2024-12-10 09:31:38,JACK,CYCLE_CHECK,,,0,bid_filled=False ask_filled=False bid=48.0 ask=48.61
2026-04-09T16:04:49.320585,2024-12-10 09:31:38,JACK,SUBMIT,BUY,48.02,0,REPRICE bid+2tick=48.02
2026-04-09T16:04:49.321617,2024-12-10 09:31:38,JACK,SUBMIT,SELL,48.59,0,REPRICE ask-2tick=48.59
2026-04-09T16:04:49.321907,2024-12-10 09:31:38,JACK,REPRICE,,,,BUY@48.02 SELL@48.59
2026-04-09T16:04:50.326634,2024-12-10 09:31:38,SHOO,SUBMIT,SELL,43.66,1,LIQ_MID cycle=3 mid=43.66
2026-04-09T16:04:50.327215,2024-12-10 09:31:38,SHOO,LIQ_REPRICE,SELL,43.66,1,cycle=3
2026-04-09T16:04:50.832374,2024-12-10 09:31:45,TXRH,CYCLE_CHECK,,,0,bid_filled=False ask_filled=False bid=191.7 ask=192.89
2026-04-09T16:04:51.839084,2024-12-10 09:31:45,TXRH,SUBMIT,BUY,191.72,0,REPRICE bid+2tick=191.72
2026-04-09T16:04:51.840330,2024-12-10 09:31:45,TXRH,SUBMIT,SELL,192.87,0,REPRICE ask-2tick=192.87
2026-04-09T16:04:51.840810,2024-12-10 09:31:45,TXRH,REPRICE,,,,BUY@191.72 SELL@192.87
2026-04-09T16:04:51.841590,2024-12-10 09:31:45,CROX,CYCLE_CHECK,,,0,bid_filled=False ask_filled=False bid=110.12 ask=110.87
2026-04-09T16:04:52.850357,2024-12-10 09:31:45,CROX,SUBMIT,BUY,110.14,0,REPRICE bid+2tick=110.14
2026-04-09T16:04:52.855786,2024-12-10 09:31:45,CROX,SUBMIT,SELL,110.85,0,REPRICE ask-2tick=110.85
2026-04-09T16:04:52.856286,2024-12-10 09:31:45,CROX,REPRICE,,,,BUY@110.14 SELL@110.85
2026-04-09T16:04:53.863242,2024-12-10 09:31:45,PZZA,SUBMIT,SELL,49.14,1,LIQ_MID cycle=1 mid=49.14
2026-04-09T16:04:53.863815,2024-12-10 09:31:45,PZZA,LIQ_REPRICE,SELL,49.14,1,cycle=1
2026-04-09T16:04:54.869943,2024-12-10 09:31:45,CAR,SUBMIT,SELL,100.13,1,LIQ_MID cycle=10 mid=100.13
2026-04-09T16:04:54.870507,2024-12-10 09:31:45,CAR,LIQ_REPRICE,SELL,100.13,1,cycle=10
2026-04-09T16:04:54.871471,2024-12-10 09:31:45,HELE,CYCLE_CHECK,,,0,bid_filled=False ask_filled=False bid=72.34 ask=73.61
2026-04-09T16:04:55.876902,2024-12-10 09:31:45,HELE,SUBMIT,BUY,72.36,0,REPRICE bid+2tick=72.36
2026-04-09T16:04:55.877703,2024-12-10 09:31:45,HELE,SUBMIT,SELL,73.59,0,REPRICE ask-2tick=73.59
2026-04-09T16:04:55.877974,2024-12-10 09:31:45,HELE,REPRICE,,,,BUY@72.36 SELL@73.59
2026-04-09T16:04:55.878777,2024-12-10 09:31:45,JACK,CYCLE_CHECK,,,0,bid_filled=False ask_filled=False bid=48.01 ask=48.59
2026-04-09T16:04:56.887863,2024-12-10 09:31:45,JACK,SUBMIT,BUY,48.03,0,REPRICE bid+2tick=48.03
2026-04-09T16:04:56.888807,2024-12-10 09:31:45,JACK,SUBMIT,SELL,48.57,0,REPRICE ask-2tick=48.57
2026-04-09T16:04:56.889093,2024-12-10 09:31:45,JACK,REPRICE,,,,BUY@48.03 SELL@48.57
2026-04-09T16:04:57.899551,2024-12-10 09:31:45,SHOO,SUBMIT,SELL,43.66,1,LIQ_MID cycle=4 mid=43.66
2026-04-09T16:04:57.906857,2024-12-10 09:31:45,SHOO,LIQ_REPRICE,SELL,43.66,1,cycle=4
2026-04-09T16:04:58.410749,2024-12-10 09:31:52,TXRH,CYCLE_CHECK,,,0,bid_filled=False ask_filled=False bid=191.7 ask=192.89
2026-04-09T16:04:59.412223,2024-12-10 09:31:52,TXRH,SUBMIT,BUY,191.72,0,REPRICE bid+2tick=191.72
2026-04-09T16:04:59.413039,2024-12-10 09:31:52,TXRH,SUBMIT,SELL,192.87,0,REPRICE ask-2tick=192.87
2026-04-09T16:04:59.413481,2024-12-10 09:31:52,TXRH,REPRICE,,,,BUY@191.72 SELL@192.87
2026-04-09T16:04:59.414392,2024-12-10 09:31:52,CROX,CYCLE_CHECK,,,0,bid_filled=False ask_filled=False bid=110.12 ask=110.87
2026-04-09T16:05:00.421281,2024-12-10 09:31:52,CROX,SUBMIT,BUY,110.14,0,REPRICE bid+2tick=110.14
2026-04-09T16:05:00.422492,2024-12-10 09:31:52,CROX,SUBMIT,SELL,110.85,0,REPRICE ask-2tick=110.85
2026-04-09T16:05:00.422882,2024-12-10 09:31:52,CROX,REPRICE,,,,BUY@110.14 SELL@110.85
2026-04-09T16:05:01.427627,2024-12-10 09:31:52,PZZA,SUBMIT,SELL,49.15,1,LIQ_MID cycle=2 mid=49.15
2026-04-09T16:05:01.430048,2024-12-10 09:31:52,PZZA,LIQ_REPRICE,SELL,49.15,1,cycle=2
2026-04-09T16:05:02.434598,2024-12-10 09:31:52,CAR,SUBMIT,SELL,100.13,1,LIQ_MID cycle=11 mid=100.13
2026-04-09T16:05:02.435377,2024-12-10 09:31:52,CAR,LIQ_REPRICE,SELL,100.13,1,cycle=11
2026-04-09T16:05:02.436684,2024-12-10 09:31:52,HELE,CYCLE_CHECK,,,0,bid_filled=False ask_filled=False bid=72.34 ask=73.61
2026-04-09T16:05:03.441977,2024-12-10 09:31:52,HELE,SUBMIT,BUY,72.36,0,REPRICE bid+2tick=72.36
2026-04-09T16:05:03.443589,2024-12-10 09:31:52,HELE,SUBMIT,SELL,73.59,0,REPRICE ask-2tick=73.59
2026-04-09T16:05:03.446023,2024-12-10 09:31:52,HELE,REPRICE,,,,BUY@72.36 SELL@73.59
2026-04-09T16:05:03.447120,2024-12-10 09:31:52,JACK,CYCLE_CHECK,,,0,bid_filled=False ask_filled=False bid=48.0 ask=48.59
2026-04-09T16:05:04.454358,2024-12-10 09:31:52,JACK,SUBMIT,BUY,48.02,0,REPRICE bid+2tick=48.02
2026-04-09T16:05:04.460720,2024-12-10 09:31:52,JACK,SUBMIT,SELL,48.57,0,REPRICE ask-2tick=48.57
2026-04-09T16:05:04.461182,2024-12-10 09:31:52,JACK,REPRICE,,,,BUY@48.02 SELL@48.57
2026-04-09T16:05:05.468245,2024-12-10 09:31:52,SHOO,SUBMIT,SELL,43.66,1,LIQ_MID cycle=5 mid=43.66
2026-04-09T16:05:05.470588,2024-12-10 09:31:52,SHOO,LIQ_REPRICE,SELL,43.66,1,cycle=5
2026-04-09T16:05:05.972597,2024-12-10 09:31:58,TXRH,CYCLE_CHECK,,,0,bid_filled=False ask_filled=False bid=191.7 ask=192.89
2026-04-09T16:05:06.983125,2024-12-10 09:31:58,TXRH,SUBMIT,BUY,191.72,0,REPRICE bid+2tick=191.72
2026-04-09T16:05:06.986727,2024-12-10 09:31:58,TXRH,SUBMIT,SELL,192.87,0,REPRICE ask-2tick=192.87
2026-04-09T16:05:06.987273,2024-12-10 09:31:58,TXRH,REPRICE,,,,BUY@191.72 SELL@192.87
2026-04-09T16:05:06.990739,2024-12-10 09:31:58,CROX,CYCLE_CHECK,,,0,bid_filled=False ask_filled=False bid=110.12 ask=110.89
2026-04-09T16:05:07.996366,2024-12-10 09:31:58,CROX,SUBMIT,BUY,110.14,0,REPRICE bid+2tick=110.14
2026-04-09T16:05:07.997780,2024-12-10 09:31:58,CROX,SUBMIT,SELL,110.87,0,REPRICE ask-2tick=110.87
2026-04-09T16:05:07.998200,2024-12-10 09:31:58,CROX,REPRICE,,,,BUY@110.14 SELL@110.87
2026-04-09T16:05:07.998877,2024-12-10 09:31:58,PZZA,LIQ_COMPLETE,,,0,position closed → IDLE
2026-04-09T16:05:10.008040,2024-12-10 09:31:58,CAR,SUBMIT,SELL,100.13,1,LIQ_MID cycle=12 mid=100.13
2026-04-09T16:05:10.012864,2024-12-10 09:31:58,CAR,LIQ_REPRICE,SELL,100.13,1,cycle=12
2026-04-09T16:05:10.015893,2024-12-10 09:31:58,HELE,CYCLE_CHECK,,,0,bid_filled=False ask_filled=False bid=72.34 ask=73.61
2026-04-09T16:05:11.018178,2024-12-10 09:31:58,HELE,SUBMIT,BUY,72.36,0,REPRICE bid+2tick=72.36
2026-04-09T16:05:11.018966,2024-12-10 09:31:58,HELE,SUBMIT,SELL,73.59,0,REPRICE ask-2tick=73.59
2026-04-09T16:05:11.019282,2024-12-10 09:31:58,HELE,REPRICE,,,,BUY@72.36 SELL@73.59
2026-04-09T16:05:11.019993,2024-12-10 09:31:58,JACK,CYCLE_CHECK,,,0,bid_filled=False ask_filled=False bid=48.0 ask=48.57
2026-04-09T16:05:12.024125,2024-12-10 09:31:58,JACK,SUBMIT,BUY,48.02,0,REPRICE bid+2tick=48.02
2026-04-09T16:05:12.025280,2024-12-10 09:31:58,JACK,SUBMIT,SELL,48.55,0,REPRICE ask-2tick=48.55
2026-04-09T16:05:12.025552,2024-12-10 09:31:58,JACK,REPRICE,,,,BUY@48.02 SELL@48.55
2026-04-09T16:05:13.043417,2024-12-10 09:31:58,SHOO,SUBMIT,SELL,43.5,1,LIQ_MID cycle=6 mid=43.5
2026-04-09T16:05:13.048842,2024-12-10 09:31:58,SHOO,LIQ_REPRICE,SELL,43.5,1,cycle=6
2026-04-09T16:05:13.551734,2024-12-10 09:32:07,TXRH,CYCLE_CHECK,,,0,bid_filled=False ask_filled=False bid=191.7 ask=192.89
2026-04-09T16:05:14.557648,2024-12-10 09:32:07,TXRH,SUBMIT,BUY,191.72,0,REPRICE bid+2tick=191.72
2026-04-09T16:05:14.558921,2024-12-10 09:32:07,TXRH,SUBMIT,SELL,192.87,0,REPRICE ask-2tick=192.87
2026-04-09T16:05:14.559549,2024-12-10 09:32:07,TXRH,REPRICE,,,,BUY@191.72 SELL@192.87
2026-04-09T16:05:14.560814,2024-12-10 09:32:07,CROX,CYCLE_CHECK,,,0,bid_filled=False ask_filled=False bid=110.14 ask=110.89
2026-04-09T16:05:15.563949,2024-12-10 09:32:07,CROX,SUBMIT,BUY,110.16,0,REPRICE bid+2tick=110.16
2026-04-09T16:05:15.565154,2024-12-10 09:32:07,CROX,SUBMIT,SELL,110.87,0,REPRICE ask-2tick=110.87
2026-04-09T16:05:15.565584,2024-12-10 09:32:07,CROX,REPRICE,,,,BUY@110.16 SELL@110.87
2026-04-09T16:05:16.571792,2024-12-10 09:32:07,PZZA,SUBMIT,BUY,48.96,0,PAIR bid+2tick=48.96
2026-04-09T16:05:16.572616,2024-12-10 09:32:07,PZZA,SUBMIT,SELL,49.34,0,PAIR ask-2tick=49.34
2026-04-09T16:05:16.572999,2024-12-10 09:32:07,PZZA,QUOTING,,,,BUY@48.96 SELL@49.34
2026-04-09T16:05:17.576417,2024-12-10 09:32:07,CAR,SUBMIT,SELL,99.97,1,LIQ_MID cycle=13 mid=99.97
2026-04-09T16:05:17.577076,2024-12-10 09:32:07,CAR,LIQ_REPRICE,SELL,99.97,1,cycle=13
2026-04-09T16:05:17.577799,2024-12-10 09:32:07,HELE,CYCLE_CHECK,,,0,bid_filled=False ask_filled=False bid=72.34 ask=73.61
2026-04-09T16:05:18.582241,2024-12-10 09:32:07,HELE,SUBMIT,BUY,72.36,0,REPRICE bid+2tick=72.36
2026-04-09T16:05:18.583666,2024-12-10 09:32:07,HELE,SUBMIT,SELL,73.59,0,REPRICE ask-2tick=73.59
2026-04-09T16:05:18.584084,2024-12-10 09:32:07,HELE,REPRICE,,,,BUY@72.36 SELL@73.59
2026-04-09T16:05:18.585264,2024-12-10 09:32:07,JACK,CYCLE_CHECK,,,1,bid_filled=True ask_filled=False bid=47.57 ask=48.09
2026-04-09T16:05:18.585737,2024-12-10 09:32:07,JACK,BID_FILLED,,,1,"long 1L — cancelling ask, liquidating at mid"
2026-04-09T16:05:19.600164,2024-12-10 09:32:07,JACK,SUBMIT,SELL,47.83,1,LIQ_AT_MID mid=47.83
2026-04-09T16:05:19.605004,2024-12-10 09:32:07,SHOO,LIQ_COMPLETE,,,0,position closed → IDLE
2026-04-09T16:05:21.120313,2024-12-10 09:32:16,TXRH,CYCLE_CHECK,,,0,bid_filled=False ask_filled=False bid=191.7 ask=192.89
2026-04-09T16:05:22.129320,2024-12-10 09:32:16,TXRH,SUBMIT,BUY,191.72,0,REPRICE bid+2tick=191.72
2026-04-09T16:05:22.132691,2024-12-10 09:32:16,TXRH,SUBMIT,SELL,192.87,0,REPRICE ask-2tick=192.87
2026-04-09T16:05:22.133074,2024-12-10 09:32:16,TXRH,REPRICE,,,,BUY@191.72 SELL@192.87
2026-04-09T16:05:22.135091,2024-12-10 09:32:16,CROX,CYCLE_CHECK,,,0,bid_filled=False ask_filled=False bid=110.14 ask=110.89
2026-04-09T16:05:23.138726,2024-12-10 09:32:16,CROX,SUBMIT,BUY,110.16,0,REPRICE bid+2tick=110.16
2026-04-09T16:05:23.139761,2024-12-10 09:32:16,CROX,SUBMIT,SELL,110.87,0,REPRICE ask-2tick=110.87
2026-04-09T16:05:23.140103,2024-12-10 09:32:16,CROX,REPRICE,,,,BUY@110.16 SELL@110.87
2026-04-09T16:05:23.140879,2024-12-10 09:32:16,PZZA,CYCLE_CHECK,,,0,bid_filled=False ask_filled=False bid=48.94 ask=49.36
2026-04-09T16:05:24.154611,2024-12-10 09:32:16,PZZA,SUBMIT,BUY,48.96,0,REPRICE bid+2tick=48.96
2026-04-09T16:05:24.157380,2024-12-10 09:32:16,PZZA,SUBMIT,SELL,49.34,0,REPRICE ask-2tick=49.34
2026-04-09T16:05:24.157580,2024-12-10 09:32:16,PZZA,REPRICE,,,,BUY@48.96 SELL@49.34
2026-04-09T16:05:25.161038,2024-12-10 09:32:16,CAR,SUBMIT,SELL,99.97,1,LIQ_MID cycle=14 mid=99.97
2026-04-09T16:05:25.161686,2024-12-10 09:32:16,CAR,LIQ_REPRICE,SELL,99.97,1,cycle=14
2026-04-09T16:05:25.164050,2024-12-10 09:32:16,HELE,CYCLE_CHECK,,,0,bid_filled=False ask_filled=False bid=72.34 ask=73.61
2026-04-09T16:05:26.172975,2024-12-10 09:32:16,HELE,SUBMIT,BUY,72.36,0,REPRICE bid+2tick=72.36
2026-04-09T16:05:26.181196,2024-12-10 09:32:16,HELE,SUBMIT,SELL,73.59,0,REPRICE ask-2tick=73.59
2026-04-09T16:05:26.181889,2024-12-10 09:32:16,HELE,REPRICE,,,,BUY@72.36 SELL@73.59
2026-04-09T16:05:27.193949,2024-12-10 09:32:16,JACK,SUBMIT,SELL,47.8,1,LIQ_MID cycle=1 mid=47.8
2026-04-09T16:05:27.196939,2024-12-10 09:32:16,JACK,LIQ_REPRICE,SELL,47.8,1,cycle=1
2026-04-09T16:05:28.204178,2024-12-10 09:32:16,SHOO,SUBMIT,BUY,43.4,0,PAIR bid+2tick=43.4
2026-04-09T16:05:28.212142,2024-12-10 09:32:16,SHOO,SUBMIT,SELL,43.59,0,PAIR ask-2tick=43.59
2026-04-09T16:05:28.213093,2024-12-10 09:32:16,SHOO,QUOTING,,,,BUY@43.4 SELL@43.59
2026-04-09T16:05:28.721207,2024-12-10 09:32:16,TXRH,CYCLE_CHECK,,,0,bid_filled=False ask_filled=False bid=191.7 ask=192.89
2026-04-09T16:05:29.729394,2024-12-10 09:32:16,TXRH,SUBMIT,BUY,191.72,0,REPRICE bid+2tick=191.72
2026-04-09T16:05:29.732911,2024-12-10 09:32:16,TXRH,SUBMIT,SELL,192.87,0,REPRICE ask-2tick=192.87
2026-04-09T16:05:29.733407,2024-12-10 09:32:16,TXRH,REPRICE,,,,BUY@191.72 SELL@192.87
2026-04-09T16:05:29.734748,2024-12-10 09:32:16,CROX,CYCLE_CHECK,,,0,bid_filled=False ask_filled=False bid=110.14 ask=110.89
2026-04-09T16:05:30.746022,2024-12-10 09:32:16,CROX,SUBMIT,BUY,110.16,0,REPRICE bid+2tick=110.16
2026-04-09T16:05:30.750028,2024-12-10 09:32:16,CROX,SUBMIT,SELL,110.87,0,REPRICE ask-2tick=110.87
2026-04-09T16:05:30.750204,2024-12-10 09:32:16,CROX,REPRICE,,,,BUY@110.16 SELL@110.87
2026-04-09T16:05:30.752837,2024-12-10 09:32:16,PZZA,CYCLE_CHECK,,,0,bid_filled=False ask_filled=False bid=48.94 ask=49.37
2026-04-09T16:05:31.764495,2024-12-10 09:32:16,PZZA,SUBMIT,BUY,48.96,0,REPRICE bid+2tick=48.96
2026-04-09T16:05:31.767737,2024-12-10 09:32:16,PZZA,SUBMIT,SELL,49.35,0,REPRICE ask-2tick=49.35
2026-04-09T16:05:31.768111,2024-12-10 09:32:16,PZZA,REPRICE,,,,BUY@48.96 SELL@49.35
2026-04-09T16:05:32.847550,2024-12-10 09:32:16,CAR,SUBMIT,SELL,99.97,1,LIQ_MID cycle=15 mid=99.97
2026-04-09T16:05:32.849419,2024-12-10 09:32:16,CAR,LIQ_REPRICE,SELL,99.97,1,cycle=15
2026-04-09T16:05:32.852159,2024-12-10 09:32:16,HELE,CYCLE_CHECK,,,0,bid_filled=False ask_filled=False bid=72.34 ask=73.61
2026-04-09T16:05:33.862753,2024-12-10 09:32:16,HELE,SUBMIT,BUY,72.36,0,REPRICE bid+2tick=72.36
2026-04-09T16:05:33.865444,2024-12-10 09:32:16,HELE,SUBMIT,SELL,73.59,0,REPRICE ask-2tick=73.59
2026-04-09T16:05:33.865721,2024-12-10 09:32:16,HELE,REPRICE,,,,BUY@72.36 SELL@73.59
2026-04-09T16:05:34.872884,2024-12-10 09:32:16,JACK,SUBMIT,SELL,47.8,1,LIQ_MID cycle=2 mid=47.8
2026-04-09T16:05:34.875410,2024-12-10 09:32:16,JACK,LIQ_REPRICE,SELL,47.8,1,cycle=2
2026-04-09T16:05:34.879314,2024-12-10 09:32:16,SHOO,CYCLE_CHECK,,,0,bid_filled=False ask_filled=False bid=43.38 ask=43.61
2026-04-09T16:05:35.884682,2024-12-10 09:32:16,SHOO,SUBMIT,BUY,43.4,0,REPRICE bid+2tick=43.4
2026-04-09T16:05:35.886011,2024-12-10 09:32:16,SHOO,SUBMIT,SELL,43.59,0,REPRICE ask-2tick=43.59
2026-04-09T16:05:35.886492,2024-12-10 09:32:16,SHOO,REPRICE,,,,BUY@43.4 SELL@43.59
2026-04-09T16:05:36.393041,2024-12-10 09:32:16,TXRH,CYCLE_CHECK,,,0,bid_filled=False ask_filled=False bid=191.7 ask=192.89
2026-04-09T16:05:37.397493,2024-12-10 09:32:16,TXRH,SUBMIT,BUY,191.72,0,REPRICE bid+2tick=191.72
2026-04-09T16:05:37.398806,2024-12-10 09:32:16,TXRH,SUBMIT,SELL,192.87,0,REPRICE ask-2tick=192.87
2026-04-09T16:05:37.399167,2024-12-10 09:32:16,TXRH,REPRICE,,,,BUY@191.72 SELL@192.87
2026-04-09T16:05:37.400151,2024-12-10 09:32:16,CROX,CYCLE_CHECK,,,0,bid_filled=False ask_filled=False bid=110.14 ask=110.89
2026-04-09T16:05:38.403850,2024-12-10 09:32:16,CROX,SUBMIT,BUY,110.16,0,REPRICE bid+2tick=110.16
2026-04-09T16:05:38.405382,2024-12-10 09:32:16,CROX,SUBMIT,SELL,110.87,0,REPRICE ask-2tick=110.87
2026-04-09T16:05:38.406094,2024-12-10 09:32:16,CROX,REPRICE,,,,BUY@110.16 SELL@110.87
2026-04-09T16:05:38.407004,2024-12-10 09:32:16,PZZA,CYCLE_CHECK,,,0,bid_filled=False ask_filled=False bid=48.94 ask=49.37
2026-04-09T16:05:39.415943,2024-12-10 09:32:16,PZZA,SUBMIT,BUY,48.96,0,REPRICE bid+2tick=48.96
2026-04-09T16:05:39.419963,2024-12-10 09:32:16,PZZA,SUBMIT,SELL,49.35,0,REPRICE ask-2tick=49.35
2026-04-09T16:05:39.420384,2024-12-10 09:32:16,PZZA,REPRICE,,,,BUY@48.96 SELL@49.35
2026-04-09T16:05:40.424878,2024-12-10 09:32:16,CAR,SUBMIT,SELL,99.97,1,LIQ_MID cycle=16 mid=99.97
2026-04-09T16:05:40.426903,2024-12-10 09:32:16,CAR,LIQ_REPRICE,SELL,99.97,1,cycle=16
2026-04-09T16:05:40.430580,2024-12-10 09:32:16,HELE,CYCLE_CHECK,,,0,bid_filled=False ask_filled=False bid=72.34 ask=73.61
2026-04-09T16:05:41.442577,2024-12-10 09:32:16,HELE,SUBMIT,BUY,72.36,0,REPRICE bid+2tick=72.36
2026-04-09T16:05:41.445470,2024-12-10 09:32:16,HELE,SUBMIT,SELL,73.59,0,REPRICE ask-2tick=73.59
2026-04-09T16:05:41.446261,2024-12-10 09:32:16,HELE,REPRICE,,,,BUY@72.36 SELL@73.59
2026-04-09T16:05:42.453840,2024-12-10 09:32:16,JACK,SUBMIT,SELL,47.8,1,LIQ_MID cycle=3 mid=47.8
2026-04-09T16:05:42.466420,2024-12-10 09:32:16,JACK,LIQ_REPRICE,SELL,47.8,1,cycle=3
2026-04-09T16:05:42.468385,2024-12-10 09:32:16,SHOO,CYCLE_CHECK,,,0,bid_filled=False ask_filled=False bid=43.39 ask=43.61
2026-04-09T16:05:43.475272,2024-12-10 09:32:16,SHOO,SUBMIT,BUY,43.41,0,REPRICE bid+2tick=43.41
2026-04-09T16:05:43.476378,2024-12-10 09:32:16,SHOO,SUBMIT,SELL,43.59,0,REPRICE ask-2tick=43.59
2026-04-09T16:05:43.476900,2024-12-10 09:32:16,SHOO,REPRICE,,,,BUY@43.41 SELL@43.59
2026-04-09T16:05:43.978873,2024-12-10 09:32:16,TXRH,CYCLE_CHECK,,,0,bid_filled=False ask_filled=False bid=191.7 ask=192.89
2026-04-09T16:05:44.988665,2024-12-10 09:32:16,TXRH,SUBMIT,BUY,191.72,0,REPRICE bid+2tick=191.72
2026-04-09T16:05:44.995082,2024-12-10 09:32:16,TXRH,SUBMIT,SELL,192.87,0,REPRICE ask-2tick=192.87
2026-04-09T16:05:44.996241,2024-12-10 09:32:16,TXRH,REPRICE,,,,BUY@191.72 SELL@192.87
2026-04-09T16:05:45.005825,2024-12-10 09:32:16,CROX,CYCLE_CHECK,,,0,bid_filled=False ask_filled=False bid=110.14 ask=110.89
2026-04-09T16:05:46.011282,2024-12-10 09:32:16,CROX,SUBMIT,BUY,110.16,0,REPRICE bid+2tick=110.16
2026-04-09T16:05:46.012852,2024-12-10 09:32:16,CROX,SUBMIT,SELL,110.87,0,REPRICE ask-2tick=110.87
2026-04-09T16:05:46.012986,2024-12-10 09:32:16,CROX,REPRICE,,,,BUY@110.16 SELL@110.87
2026-04-09T16:05:46.013646,2024-12-10 09:32:16,PZZA,CYCLE_CHECK,,,0,bid_filled=False ask_filled=False bid=48.94 ask=49.37
2026-04-09T16:05:47.014601,2024-12-10 09:32:16,PZZA,SUBMIT,BUY,48.96,0,REPRICE bid+2tick=48.96
2026-04-09T16:05:47.015106,2024-12-10 09:32:16,PZZA,SUBMIT,SELL,49.35,0,REPRICE ask-2tick=49.35
2026-04-09T16:05:47.015253,2024-12-10 09:32:16,PZZA,REPRICE,,,,BUY@48.96 SELL@49.35
2026-04-09T16:05:48.021139,2024-12-10 09:32:16,CAR,SUBMIT,SELL,99.97,1,LIQ_MID cycle=17 mid=99.97
2026-04-09T16:05:48.021479,2024-12-10 09:32:16,CAR,LIQ_REPRICE,SELL,99.97,1,cycle=17
2026-04-09T16:05:48.021936,2024-12-10 09:32:16,HELE,CYCLE_CHECK,,,0,bid_filled=False ask_filled=False bid=72.34 ask=73.61
2026-04-09T16:05:49.024426,2024-12-10 09:32:16,HELE,SUBMIT,BUY,72.36,0,REPRICE bid+2tick=72.36
2026-04-09T16:05:49.024792,2024-12-10 09:32:16,HELE,SUBMIT,SELL,73.59,0,REPRICE ask-2tick=73.59
2026-04-09T16:05:49.025213,2024-12-10 09:32:16,HELE,REPRICE,,,,BUY@72.36 SELL@73.59
2026-04-09T16:05:50.031054,2024-12-10 09:32:16,JACK,SUBMIT,SELL,47.79,1,LIQ_MID cycle=4 mid=47.79
2026-04-09T16:05:50.031732,2024-12-10 09:32:16,JACK,LIQ_REPRICE,SELL,47.79,1,cycle=4
2026-04-09T16:05:50.032481,2024-12-10 09:32:16,SHOO,CYCLE_CHECK,,,0,bid_filled=False ask_filled=False bid=43.39 ask=43.61
2026-04-09T16:05:51.037705,2024-12-10 09:32:16,SHOO,SUBMIT,BUY,43.41,0,REPRICE bid+2tick=43.41
2026-04-09T16:05:51.039556,2024-12-10 09:32:16,SHOO,SUBMIT,SELL,43.59,0,REPRICE ask-2tick=43.59
2026-04-09T16:05:51.039773,2024-12-10 09:32:16,SHOO,REPRICE,,,,BUY@43.41 SELL@43.59
2026-04-09T16:05:51.545183,2024-12-10 09:32:44,TXRH,CYCLE_CHECK,,,0,bid_filled=False ask_filled=False bid=191.7 ask=192.89
2026-04-09T16:05:52.548343,2024-12-10 09:32:44,TXRH,SUBMIT,BUY,191.72,0,REPRICE bid+2tick=191.72
2026-04-09T16:05:52.548961,2024-12-10 09:32:44,TXRH,SUBMIT,SELL,192.87,0,REPRICE ask-2tick=192.87
2026-04-09T16:05:52.549339,2024-12-10 09:32:44,TXRH,REPRICE,,,,BUY@191.72 SELL@192.87
2026-04-09T16:05:52.550298,2024-12-10 09:32:44,CROX,CYCLE_CHECK,,,0,bid_filled=False ask_filled=False bid=110.14 ask=110.89
2026-04-09T16:05:53.557396,2024-12-10 09:32:44,CROX,SUBMIT,BUY,110.16,0,REPRICE bid+2tick=110.16
2026-04-09T16:05:53.560056,2024-12-10 09:32:44,CROX,SUBMIT,SELL,110.87,0,REPRICE ask-2tick=110.87
2026-04-09T16:05:53.560562,2024-12-10 09:32:44,CROX,REPRICE,,,,BUY@110.16 SELL@110.87
2026-04-09T16:05:53.563118,2024-12-10 09:32:44,PZZA,CYCLE_CHECK,,,0,bid_filled=False ask_filled=False bid=48.94 ask=49.37
2026-04-09T16:05:54.568079,2024-12-10 09:32:44,PZZA,SUBMIT,BUY,48.96,0,REPRICE bid+2tick=48.96
2026-04-09T16:05:54.569251,2024-12-10 09:32:44,PZZA,SUBMIT,SELL,49.35,0,REPRICE ask-2tick=49.35
2026-04-09T16:05:54.569962,2024-12-10 09:32:44,PZZA,REPRICE,,,,BUY@48.96 SELL@49.35
2026-04-09T16:05:55.575083,2024-12-10 09:32:44,CAR,SUBMIT,SELL,99.97,1,LIQ_MID cycle=18 mid=99.97
2026-04-09T16:05:55.575869,2024-12-10 09:32:44,CAR,LIQ_REPRICE,SELL,99.97,1,cycle=18
2026-04-09T16:05:55.576754,2024-12-10 09:32:44,HELE,CYCLE_CHECK,,,0,bid_filled=False ask_filled=False bid=72.34 ask=73.61
2026-04-09T16:05:56.583322,2024-12-10 09:32:44,HELE,SUBMIT,BUY,72.36,0,REPRICE bid+2tick=72.36
2026-04-09T16:05:56.584172,2024-12-10 09:32:44,HELE,SUBMIT,SELL,73.59,0,REPRICE ask-2tick=73.59
2026-04-09T16:05:56.584557,2024-12-10 09:32:44,HELE,REPRICE,,,,BUY@72.36 SELL@73.59
2026-04-09T16:05:57.590286,2024-12-10 09:32:44,JACK,SUBMIT,SELL,47.78,1,LIQ_MID cycle=5 mid=47.78
2026-04-09T16:05:57.591107,2024-12-10 09:32:44,JACK,LIQ_REPRICE,SELL,47.78,1,cycle=5
2026-04-09T16:05:57.591917,2024-12-10 09:32:44,SHOO,CYCLE_CHECK,,,0,bid_filled=False ask_filled=False bid=43.39 ask=43.61
2026-04-09T16:05:58.596965,2024-12-10 09:32:44,SHOO,SUBMIT,BUY,43.41,0,REPRICE bid+2tick=43.41
2026-04-09T16:05:58.598224,2024-12-10 09:32:44,SHOO,SUBMIT,SELL,43.59,0,REPRICE ask-2tick=43.59
2026-04-09T16:05:58.598691,2024-12-10 09:32:44,SHOO,REPRICE,,,,BUY@43.41 SELL@43.59
2026-04-09T16:05:59.102223,2024-12-10 09:32:51,TXRH,CYCLE_CHECK,,,0,bid_filled=False ask_filled=False bid=191.7 ask=192.89
2026-04-09T16:06:00.104755,2024-12-10 09:32:51,TXRH,SUBMIT,BUY,191.72,0,REPRICE bid+2tick=191.72
2026-04-09T16:06:00.107100,2024-12-10 09:32:51,TXRH,SUBMIT,SELL,192.87,0,REPRICE ask-2tick=192.87
2026-04-09T16:06:00.107530,2024-12-10 09:32:51,TXRH,REPRICE,,,,BUY@191.72 SELL@192.87
2026-04-09T16:06:00.108404,2024-12-10 09:32:51,CROX,CYCLE_CHECK,,,0,bid_filled=False ask_filled=False bid=110.14 ask=110.89
2026-04-09T16:06:01.113770,2024-12-10 09:32:51,CROX,SUBMIT,BUY,110.16,0,REPRICE bid+2tick=110.16
2026-04-09T16:06:01.114534,2024-12-10 09:32:51,CROX,SUBMIT,SELL,110.87,0,REPRICE ask-2tick=110.87
2026-04-09T16:06:01.114868,2024-12-10 09:32:51,CROX,REPRICE,,,,BUY@110.16 SELL@110.87
2026-04-09T16:06:01.115499,2024-12-10 09:32:51,PZZA,CYCLE_CHECK,,,0,bid_filled=False ask_filled=False bid=48.94 ask=49.37
2026-04-09T16:06:02.121905,2024-12-10 09:32:51,PZZA,SUBMIT,BUY,48.96,0,REPRICE bid+2tick=48.96
2026-04-09T16:06:02.123033,2024-12-10 09:32:51,PZZA,SUBMIT,SELL,49.35,0,REPRICE ask-2tick=49.35
2026-04-09T16:06:02.123536,2024-12-10 09:32:51,PZZA,REPRICE,,,,BUY@48.96 SELL@49.35
2026-04-09T16:06:03.131355,2024-12-10 09:32:51,CAR,SUBMIT,SELL,99.97,1,LIQ_MID cycle=19 mid=99.97
2026-04-09T16:06:03.133370,2024-12-10 09:32:51,CAR,LIQ_REPRICE,SELL,99.97,1,cycle=19
2026-04-09T16:06:03.134716,2024-12-10 09:32:51,HELE,CYCLE_CHECK,,,0,bid_filled=False ask_filled=False bid=72.34 ask=73.61
2026-04-09T16:06:04.143944,2024-12-10 09:32:51,HELE,SUBMIT,BUY,72.36,0,REPRICE bid+2tick=72.36
2026-04-09T16:06:04.209199,2024-12-10 09:32:51,HELE,SUBMIT,SELL,73.59,0,REPRICE ask-2tick=73.59
2026-04-09T16:06:04.209417,2024-12-10 09:32:51,HELE,REPRICE,,,,BUY@72.36 SELL@73.59
2026-04-09T16:06:05.210863,2024-12-10 09:32:51,JACK,SUBMIT,SELL,47.74,1,LIQ_MID cycle=6 mid=47.74
2026-04-09T16:06:05.211392,2024-12-10 09:32:51,JACK,LIQ_REPRICE,SELL,47.74,1,cycle=6
2026-04-09T16:06:05.212301,2024-12-10 09:32:51,SHOO,CYCLE_CHECK,,,0,bid_filled=False ask_filled=False bid=43.39 ask=43.61
2026-04-09T16:06:06.218925,2024-12-10 09:32:51,SHOO,SUBMIT,BUY,43.41,0,REPRICE bid+2tick=43.41
2026-04-09T16:06:06.219418,2024-12-10 09:32:51,SHOO,SUBMIT,SELL,43.59,0,REPRICE ask-2tick=43.59
2026-04-09T16:06:06.219572,2024-12-10 09:32:51,SHOO,REPRICE,,,,BUY@43.41 SELL@43.59
2026-04-09T16:06:06.723486,2024-12-10 09:33:00,TXRH,CYCLE_CHECK,,,0,bid_filled=False ask_filled=False bid=191.7 ask=192.89
2026-04-09T16:06:07.725425,2024-12-10 09:33:00,TXRH,SUBMIT,BUY,191.72,0,REPRICE bid+2tick=191.72
2026-04-09T16:06:07.726221,2024-12-10 09:33:00,TXRH,SUBMIT,SELL,192.87,0,REPRICE ask-2tick=192.87
2026-04-09T16:06:07.726441,2024-12-10 09:33:00,TXRH,REPRICE,,,,BUY@191.72 SELL@192.87
2026-04-09T16:06:07.730556,2024-12-10 09:33:00,CROX,CYCLE_CHECK,,,-1,bid_filled=False ask_filled=True bid=110.26 ask=110.82
2026-04-09T16:06:07.731043,2024-12-10 09:33:00,CROX,ASK_FILLED,,,-1,"short 1L — cancelling bid, liquidating at mid"
2026-04-09T16:06:08.739339,2024-12-10 09:33:00,CROX,SUBMIT,BUY,110.58,-1,LIQ_AT_MID mid=110.58
2026-04-09T16:06:08.740603,2024-12-10 09:33:00,PZZA,CYCLE_CHECK,,,0,bid_filled=False ask_filled=False bid=48.94 ask=49.35
2026-04-09T16:06:09.745363,2024-12-10 09:33:00,PZZA,SUBMIT,BUY,48.96,0,REPRICE bid+2tick=48.96
2026-04-09T16:06:09.746910,2024-12-10 09:33:00,PZZA,SUBMIT,SELL,49.33,0,REPRICE ask-2tick=49.33
2026-04-09T16:06:09.747280,2024-12-10 09:33:00,PZZA,REPRICE,,,,BUY@48.96 SELL@49.33
2026-04-09T16:06:10.754357,2024-12-10 09:33:00,CAR,SUBMIT,SELL,99.97,1,LIQ_MID cycle=20 mid=99.97
2026-04-09T16:06:10.755666,2024-12-10 09:33:00,CAR,LIQ_REPRICE,SELL,99.97,1,cycle=20
2026-04-09T16:06:10.756682,2024-12-10 09:33:00,HELE,CYCLE_CHECK,,,0,bid_filled=False ask_filled=False bid=72.34 ask=73.61
2026-04-09T16:06:11.764052,2024-12-10 09:33:00,HELE,SUBMIT,BUY,72.36,0,REPRICE bid+2tick=72.36
2026-04-09T16:06:11.765307,2024-12-10 09:33:00,HELE,SUBMIT,SELL,73.59,0,REPRICE ask-2tick=73.59
2026-04-09T16:06:11.765899,2024-12-10 09:33:00,HELE,REPRICE,,,,BUY@72.36 SELL@73.59
2026-04-09T16:06:12.771869,2024-12-10 09:33:00,JACK,SUBMIT,SELL,47.74,1,LIQ_MID cycle=7 mid=47.74
2026-04-09T16:06:12.773220,2024-12-10 09:33:00,JACK,LIQ_REPRICE,SELL,47.74,1,cycle=7
2026-04-09T16:06:12.774314,2024-12-10 09:33:00,SHOO,CYCLE_CHECK,,,0,bid_filled=False ask_filled=False bid=43.39 ask=43.61
2026-04-09T16:06:13.807258,2024-12-10 09:33:00,SHOO,SUBMIT,BUY,43.41,0,REPRICE bid+2tick=43.41
2026-04-09T16:06:13.815161,2024-12-10 09:33:00,SHOO,SUBMIT,SELL,43.59,0,REPRICE ask-2tick=43.59
2026-04-09T16:06:13.815720,2024-12-10 09:33:00,SHOO,REPRICE,,,,BUY@43.41 SELL@43.59
2026-04-09T16:06:14.321153,2024-12-10 09:33:06,TXRH,CYCLE_CHECK,,,0,bid_filled=False ask_filled=False bid=191.13 ask=192.71
2026-04-09T16:06:15.326519,2024-12-10 09:33:06,TXRH,SUBMIT,BUY,191.15,0,REPRICE bid+2tick=191.15
2026-04-09T16:06:15.329149,2024-12-10 09:33:06,TXRH,SUBMIT,SELL,192.69,0,REPRICE ask-2tick=192.69
2026-04-09T16:06:15.329961,2024-12-10 09:33:06,TXRH,REPRICE,,,,BUY@191.15 SELL@192.69
2026-04-09T16:06:16.338776,2024-12-10 09:33:06,CROX,SUBMIT,BUY,110.58,-1,LIQ_MID cycle=1 mid=110.58
2026-04-09T16:06:16.342453,2024-12-10 09:33:06,CROX,LIQ_REPRICE,BUY,110.58,-1,cycle=1
2026-04-09T16:06:16.343262,2024-12-10 09:33:06,PZZA,CYCLE_CHECK,,,1,bid_filled=True ask_filled=False bid=48.5 ask=48.73
2026-04-09T16:06:16.343516,2024-12-10 09:33:06,PZZA,BID_FILLED,,,1,"long 1L — cancelling ask, liquidating at mid"
2026-04-09T16:06:17.353422,2024-12-10 09:33:06,PZZA,SUBMIT,SELL,48.96,1,LIQ_AT_MID mid=48.96
2026-04-09T16:06:18.358792,2024-12-10 09:33:06,CAR,SUBMIT,SELL,99.97,1,LIQ_MID cycle=21 mid=99.97
2026-04-09T16:06:18.359577,2024-12-10 09:33:06,CAR,LIQ_REPRICE,SELL,99.97,1,cycle=21
2026-04-09T16:06:18.360819,2024-12-10 09:33:06,HELE,CYCLE_CHECK,,,0,bid_filled=False ask_filled=False bid=72.34 ask=73.61
2026-04-09T16:06:19.364196,2024-12-10 09:33:06,HELE,SUBMIT,BUY,72.36,0,REPRICE bid+2tick=72.36
2026-04-09T16:06:19.365334,2024-12-10 09:33:06,HELE,SUBMIT,SELL,73.59,0,REPRICE ask-2tick=73.59
2026-04-09T16:06:19.365747,2024-12-10 09:33:06,HELE,REPRICE,,,,BUY@72.36 SELL@73.59
2026-04-09T16:06:20.373009,2024-12-10 09:33:06,JACK,SUBMIT,SELL,47.68,1,LIQ_MID cycle=8 mid=47.68
2026-04-09T16:06:20.373975,2024-12-10 09:33:06,JACK,LIQ_REPRICE,SELL,47.68,1,cycle=8
2026-04-09T16:06:20.375006,2024-12-10 09:33:06,SHOO,CYCLE_CHECK,,,0,bid_filled=False ask_filled=False bid=43.39 ask=43.61
2026-04-09T16:06:21.381268,2024-12-10 09:33:06,SHOO,SUBMIT,BUY,43.41,0,REPRICE bid+2tick=43.41
2026-04-09T16:06:21.382370,2024-12-10 09:33:06,SHOO,SUBMIT,SELL,43.59,0,REPRICE ask-2tick=43.59
2026-04-09T16:06:21.382778,2024-12-10 09:33:06,SHOO,REPRICE,,,,BUY@43.41 SELL@43.59
2026-04-09T16:06:21.889262,2024-12-10 09:33:17,TXRH,CYCLE_CHECK,,,0,bid_filled=False ask_filled=False bid=191.13 ask=192.71
2026-04-09T16:06:22.892617,2024-12-10 09:33:17,TXRH,SUBMIT,BUY,191.15,0,REPRICE bid+2tick=191.15
2026-04-09T16:06:22.893538,2024-12-10 09:33:17,TXRH,SUBMIT,SELL,192.69,0,REPRICE ask-2tick=192.69
2026-04-09T16:06:22.893991,2024-12-10 09:33:17,TXRH,REPRICE,,,,BUY@191.15 SELL@192.69
2026-04-09T16:06:23.897938,2024-12-10 09:33:17,CROX,SUBMIT,BUY,110.87,-1,LIQ_MID cycle=2 mid=110.87
2026-04-09T16:06:23.898707,2024-12-10 09:33:17,CROX,LIQ_REPRICE,BUY,110.87,-1,cycle=2
2026-04-09T16:06:24.901250,2024-12-10 09:33:17,PZZA,SUBMIT,SELL,48.86,1,LIQ_MID cycle=1 mid=48.86
2026-04-09T16:06:24.902221,2024-12-10 09:33:17,PZZA,LIQ_REPRICE,SELL,48.86,1,cycle=1
2026-04-09T16:06:25.906848,2024-12-10 09:33:17,CAR,SUBMIT,SELL,99.97,1,LIQ_MID cycle=22 mid=99.97
2026-04-09T16:06:25.907395,2024-12-10 09:33:17,CAR,LIQ_REPRICE,SELL,99.97,1,cycle=22
2026-04-09T16:06:25.908186,2024-12-10 09:33:17,HELE,CYCLE_CHECK,,,0,bid_filled=False ask_filled=False bid=72.01 ask=73.14
2026-04-09T16:06:26.910850,2024-12-10 09:33:17,HELE,SUBMIT,BUY,72.03,0,REPRICE bid+2tick=72.03
2026-04-09T16:06:26.912019,2024-12-10 09:33:17,HELE,SUBMIT,SELL,73.12,0,REPRICE ask-2tick=73.12
2026-04-09T16:06:26.912431,2024-12-10 09:33:17,HELE,REPRICE,,,,BUY@72.03 SELL@73.12
2026-04-09T16:06:27.919292,2024-12-10 09:33:17,JACK,SUBMIT,SELL,47.68,1,LIQ_MID cycle=9 mid=47.68
2026-04-09T16:06:27.920196,2024-12-10 09:33:17,JACK,LIQ_REPRICE,SELL,47.68,1,cycle=9
2026-04-09T16:06:27.921099,2024-12-10 09:33:17,SHOO,CYCLE_CHECK,,,0,bid_filled=False ask_filled=False bid=43.39 ask=43.61
2026-04-09T16:06:28.924938,2024-12-10 09:33:17,SHOO,SUBMIT,BUY,43.41,0,REPRICE bid+2tick=43.41
2026-04-09T16:06:28.926038,2024-12-10 09:33:17,SHOO,SUBMIT,SELL,43.59,0,REPRICE ask-2tick=43.59
2026-04-09T16:06:28.926343,2024-12-10 09:33:17,SHOO,REPRICE,,,,BUY@43.41 SELL@43.59
2026-04-09T16:06:29.428363,2024-12-10 09:33:25,TXRH,CYCLE_CHECK,,,0,bid_filled=False ask_filled=False bid=191.13 ask=192.67
2026-04-09T16:06:30.433449,2024-12-10 09:33:25,TXRH,SUBMIT,BUY,191.15,0,REPRICE bid+2tick=191.15
2026-04-09T16:06:30.434140,2024-12-10 09:33:25,TXRH,SUBMIT,SELL,192.65,0,REPRICE ask-2tick=192.65
2026-04-09T16:06:30.434481,2024-12-10 09:33:25,TXRH,REPRICE,,,,BUY@191.15 SELL@192.65
2026-04-09T16:06:31.440981,2024-12-10 09:33:25,CROX,SUBMIT,BUY,110.88,-1,LIQ_MID cycle=3 mid=110.88
2026-04-09T16:06:31.441835,2024-12-10 09:33:25,CROX,LIQ_REPRICE,BUY,110.88,-1,cycle=3
2026-04-09T16:06:32.447959,2024-12-10 09:33:25,PZZA,SUBMIT,SELL,48.87,1,LIQ_MID cycle=2 mid=48.87
2026-04-09T16:06:32.451732,2024-12-10 09:33:25,PZZA,LIQ_REPRICE,SELL,48.87,1,cycle=2
2026-04-09T16:06:33.460136,2024-12-10 09:33:25,CAR,SUBMIT,SELL,99.97,1,LIQ_MID cycle=23 mid=99.97
2026-04-09T16:06:33.465308,2024-12-10 09:33:25,CAR,LIQ_REPRICE,SELL,99.97,1,cycle=23
2026-04-09T16:06:33.472986,2024-12-10 09:33:25,HELE,CYCLE_CHECK,,,0,bid_filled=False ask_filled=False bid=72.01 ask=73.14
2026-04-09T16:06:34.479845,2024-12-10 09:33:25,HELE,SUBMIT,BUY,72.03,0,REPRICE bid+2tick=72.03
2026-04-09T16:06:34.481815,2024-12-10 09:33:25,HELE,SUBMIT,SELL,73.12,0,REPRICE ask-2tick=73.12
2026-04-09T16:06:34.482282,2024-12-10 09:33:25,HELE,REPRICE,,,,BUY@72.03 SELL@73.12
2026-04-09T16:06:35.485167,2024-12-10 09:33:25,JACK,SUBMIT,SELL,47.68,1,LIQ_MID cycle=10 mid=47.68
2026-04-09T16:06:35.485744,2024-12-10 09:33:25,JACK,LIQ_REPRICE,SELL,47.68,1,cycle=10
2026-04-09T16:06:35.486686,2024-12-10 09:33:25,SHOO,CYCLE_CHECK,,,0,bid_filled=False ask_filled=False bid=43.39 ask=43.61
2026-04-09T16:06:36.491300,2024-12-10 09:33:25,SHOO,SUBMIT,BUY,43.41,0,REPRICE bid+2tick=43.41
2026-04-09T16:06:36.492590,2024-12-10 09:33:25,SHOO,SUBMIT,SELL,43.59,0,REPRICE ask-2tick=43.59
2026-04-09T16:06:36.493228,2024-12-10 09:33:25,SHOO,REPRICE,,,,BUY@43.41 SELL@43.59
2026-04-09T16:06:36.999987,2024-12-10 09:33:29,TXRH,CYCLE_CHECK,,,0,bid_filled=False ask_filled=False bid=191.13 ask=192.67
2026-04-09T16:06:38.003541,2024-12-10 09:33:29,TXRH,SUBMIT,BUY,191.15,0,REPRICE bid+2tick=191.15
2026-04-09T16:06:38.004688,2024-12-10 09:33:29,TXRH,SUBMIT,SELL,192.65,0,REPRICE ask-2tick=192.65
2026-04-09T16:06:38.006162,2024-12-10 09:33:29,TXRH,REPRICE,,,,BUY@191.15 SELL@192.65
2026-04-09T16:06:38.006710,2024-12-10 09:33:29,CROX,LIQ_COMPLETE,,,0,position closed → IDLE
2026-04-09T16:06:40.021462,2024-12-10 09:33:29,PZZA,SUBMIT,SELL,48.87,1,LIQ_MID cycle=3 mid=48.87
2026-04-09T16:06:40.023724,2024-12-10 09:33:29,PZZA,LIQ_REPRICE,SELL,48.87,1,cycle=3
2026-04-09T16:06:41.029281,2024-12-10 09:33:29,CAR,SUBMIT,SELL,99.97,1,LIQ_MID cycle=24 mid=99.97
2026-04-09T16:06:41.030858,2024-12-10 09:33:29,CAR,LIQ_REPRICE,SELL,99.97,1,cycle=24
2026-04-09T16:06:41.034193,2024-12-10 09:33:29,HELE,CYCLE_CHECK,,,0,bid_filled=False ask_filled=False bid=72.01 ask=73.14
2026-04-09T16:06:42.052314,2024-12-10 09:33:29,HELE,SUBMIT,BUY,72.03,0,REPRICE bid+2tick=72.03
2026-04-09T16:06:42.055470,2024-12-10 09:33:29,HELE,SUBMIT,SELL,73.12,0,REPRICE ask-2tick=73.12
2026-04-09T16:06:42.055854,2024-12-10 09:33:29,HELE,REPRICE,,,,BUY@72.03 SELL@73.12
2026-04-09T16:06:43.065161,2024-12-10 09:33:29,JACK,SUBMIT,SELL,47.61,1,LIQ_MID cycle=11 mid=47.61
2026-04-09T16:06:43.065878,2024-12-10 09:33:29,JACK,LIQ_REPRICE,SELL,47.61,1,cycle=11
2026-04-09T16:06:43.067561,2024-12-10 09:33:29,SHOO,CYCLE_CHECK,,,0,bid_filled=False ask_filled=False bid=43.39 ask=43.61
2026-04-09T16:06:44.070903,2024-12-10 09:33:29,SHOO,SUBMIT,BUY,43.41,0,REPRICE bid+2tick=43.41
2026-04-09T16:06:44.072040,2024-12-10 09:33:29,SHOO,SUBMIT,SELL,43.59,0,REPRICE ask-2tick=43.59
2026-04-09T16:06:44.072230,2024-12-10 09:33:29,SHOO,REPRICE,,,,BUY@43.41 SELL@43.59
2026-04-09T16:06:44.577883,2024-12-10 09:33:36,TXRH,CYCLE_CHECK,,,0,bid_filled=False ask_filled=False bid=191.13 ask=192.67
2026-04-09T16:06:45.708631,2024-12-10 09:33:36,TXRH,SUBMIT,BUY,191.15,0,REPRICE bid+2tick=191.15
2026-04-09T16:06:45.746411,2024-12-10 09:33:36,TXRH,SUBMIT,SELL,192.65,0,REPRICE ask-2tick=192.65
2026-04-09T16:06:45.747456,2024-12-10 09:33:36,TXRH,REPRICE,,,,BUY@191.15 SELL@192.65
2026-04-09T16:06:46.756321,2024-12-10 09:33:36,CROX,SUBMIT,BUY,110.69,0,PAIR bid+2tick=110.69
2026-04-09T16:06:46.758429,2024-12-10 09:33:36,CROX,SUBMIT,SELL,111.37,0,PAIR ask-2tick=111.37
2026-04-09T16:06:46.758907,2024-12-10 09:33:36,CROX,QUOTING,,,,BUY@110.69 SELL@111.37
2026-04-09T16:06:47.766217,2024-12-10 09:33:36,PZZA,SUBMIT,SELL,48.87,1,LIQ_MID cycle=4 mid=48.87
2026-04-09T16:06:47.766784,2024-12-10 09:33:36,PZZA,LIQ_REPRICE,SELL,48.87,1,cycle=4
2026-04-09T16:06:48.810519,2024-12-10 09:33:36,CAR,SUBMIT,SELL,99.97,1,LIQ_MID cycle=25 mid=99.97
2026-04-09T16:06:48.843116,2024-12-10 09:33:36,CAR,LIQ_REPRICE,SELL,99.97,1,cycle=25
2026-04-09T16:06:48.845414,2024-12-10 09:33:36,HELE,CYCLE_CHECK,,,0,bid_filled=False ask_filled=False bid=72.01 ask=73.14
2026-04-09T16:06:49.857003,2024-12-10 09:33:36,HELE,SUBMIT,BUY,72.03,0,REPRICE bid+2tick=72.03
2026-04-09T16:06:49.859249,2024-12-10 09:33:36,HELE,SUBMIT,SELL,73.12,0,REPRICE ask-2tick=73.12
2026-04-09T16:06:49.859397,2024-12-10 09:33:36,HELE,REPRICE,,,,BUY@72.03 SELL@73.12
2026-04-09T16:06:50.875367,2024-12-10 09:33:36,JACK,SUBMIT,SELL,47.6,1,LIQ_MID cycle=12 mid=47.6
2026-04-09T16:06:50.890513,2024-12-10 09:33:36,JACK,LIQ_REPRICE,SELL,47.6,1,cycle=12
2026-04-09T16:06:50.895328,2024-12-10 09:33:36,SHOO,CYCLE_CHECK,,,0,bid_filled=False ask_filled=False bid=43.39 ask=43.61
2026-04-09T16:06:51.908194,2024-12-10 09:33:36,SHOO,SUBMIT,BUY,43.41,0,REPRICE bid+2tick=43.41
2026-04-09T16:06:51.911230,2024-12-10 09:33:36,SHOO,SUBMIT,SELL,43.59,0,REPRICE ask-2tick=43.59
2026-04-09T16:06:51.911708,2024-12-10 09:33:36,SHOO,REPRICE,,,,BUY@43.41 SELL@43.59
2026-04-09T16:06:52.605430,2024-12-10 09:33:43,TXRH,CYCLE_CHECK,,,0,bid_filled=False ask_filled=False bid=191.13 ask=192.67
2026-04-09T16:06:53.703491,2024-12-10 09:33:43,TXRH,SUBMIT,BUY,191.15,0,REPRICE bid+2tick=191.15
2026-04-09T16:06:53.825036,2024-12-10 09:33:43,TXRH,SUBMIT,SELL,192.65,0,REPRICE ask-2tick=192.65
2026-04-09T16:06:53.825237,2024-12-10 09:33:43,TXRH,REPRICE,,,,BUY@191.15 SELL@192.65
2026-04-09T16:06:53.826074,2024-12-10 09:33:43,CROX,CYCLE_CHECK,,,0,bid_filled=False ask_filled=False bid=110.73 ask=111.39
2026-04-09T16:06:54.867809,2024-12-10 09:33:43,CROX,SUBMIT,BUY,110.75,0,REPRICE bid+2tick=110.75
2026-04-09T16:06:54.878424,2024-12-10 09:33:43,CROX,SUBMIT,SELL,111.37,0,REPRICE ask-2tick=111.37
2026-04-09T16:06:54.878732,2024-12-10 09:33:43,CROX,REPRICE,,,,BUY@110.75 SELL@111.37
2026-04-09T16:06:55.928806,2024-12-10 09:33:43,PZZA,SUBMIT,SELL,48.87,1,LIQ_MID cycle=5 mid=48.87
2026-04-09T16:06:55.931892,2024-12-10 09:33:43,PZZA,LIQ_REPRICE,SELL,48.87,1,cycle=5
2026-04-09T16:06:56.947484,2024-12-10 09:33:43,CAR,SUBMIT,SELL,99.97,1,LIQ_MID cycle=26 mid=99.97
2026-04-09T16:06:56.959266,2024-12-10 09:33:43,CAR,LIQ_REPRICE,SELL,99.97,1,cycle=26
2026-04-09T16:06:56.963061,2024-12-10 09:33:43,HELE,CYCLE_CHECK,,,0,bid_filled=False ask_filled=False bid=72.01 ask=73.14
2026-04-09T16:06:57.972470,2024-12-10 09:33:43,HELE,SUBMIT,BUY,72.03,0,REPRICE bid+2tick=72.03
2026-04-09T16:06:57.975594,2024-12-10 09:33:43,HELE,SUBMIT,SELL,73.12,0,REPRICE ask-2tick=73.12
2026-04-09T16:06:57.976037,2024-12-10 09:33:43,HELE,REPRICE,,,,BUY@72.03 SELL@73.12
2026-04-09T16:06:58.994569,2024-12-10 09:33:43,JACK,SUBMIT,SELL,47.6,1,LIQ_MID cycle=13 mid=47.6
2026-04-09T16:06:58.998219,2024-12-10 09:33:43,JACK,LIQ_REPRICE,SELL,47.6,1,cycle=13
2026-04-09T16:06:59.001927,2024-12-10 09:33:43,SHOO,CYCLE_CHECK,,,0,bid_filled=False ask_filled=False bid=43.39 ask=43.61
2026-04-09T16:07:00.016276,2024-12-10 09:33:43,SHOO,SUBMIT,BUY,43.41,0,REPRICE bid+2tick=43.41
2026-04-09T16:07:00.025008,2024-12-10 09:33:43,SHOO,SUBMIT,SELL,43.59,0,REPRICE ask-2tick=43.59
2026-04-09T16:07:00.025328,2024-12-10 09:33:43,SHOO,REPRICE,,,,BUY@43.41 SELL@43.59
2026-04-09T16:07:00.532316,2024-12-10 09:33:54,TXRH,CYCLE_CHECK,,,0,bid_filled=False ask_filled=False bid=191.13 ask=192.67
2026-04-09T16:07:01.544035,2024-12-10 09:33:54,TXRH,SUBMIT,BUY,191.15,0,REPRICE bid+2tick=191.15
2026-04-09T16:07:01.550398,2024-12-10 09:33:54,TXRH,SUBMIT,SELL,192.65,0,REPRICE ask-2tick=192.65
2026-04-09T16:07:01.550874,2024-12-10 09:33:54,TXRH,REPRICE,,,,BUY@191.15 SELL@192.65
2026-04-09T16:07:01.552661,2024-12-10 09:33:54,CROX,CYCLE_CHECK,,,0,bid_filled=False ask_filled=False bid=110.75 ask=111.39
2026-04-09T16:07:02.564936,2024-12-10 09:33:54,CROX,SUBMIT,BUY,110.77,0,REPRICE bid+2tick=110.77
2026-04-09T16:07:02.566844,2024-12-10 09:33:54,CROX,SUBMIT,SELL,111.37,0,REPRICE ask-2tick=111.37
2026-04-09T16:07:02.566992,2024-12-10 09:33:54,CROX,REPRICE,,,,BUY@110.77 SELL@111.37
2026-04-09T16:07:03.648129,2024-12-10 09:33:54,PZZA,SUBMIT,SELL,48.87,1,LIQ_MID cycle=6 mid=48.87
2026-04-09T16:07:03.656108,2024-12-10 09:33:54,PZZA,LIQ_REPRICE,SELL,48.87,1,cycle=6
2026-04-09T16:07:04.667766,2024-12-10 09:33:54,CAR,SUBMIT,SELL,99.97,1,LIQ_MID cycle=27 mid=99.97
2026-04-09T16:07:04.672702,2024-12-10 09:33:54,CAR,LIQ_REPRICE,SELL,99.97,1,cycle=27
2026-04-09T16:07:04.673892,2024-12-10 09:33:54,HELE,CYCLE_CHECK,,,0,bid_filled=False ask_filled=False bid=72.01 ask=73.14
2026-04-09T16:07:05.678849,2024-12-10 09:33:54,HELE,SUBMIT,BUY,72.03,0,REPRICE bid+2tick=72.03
2026-04-09T16:07:05.679744,2024-12-10 09:33:54,HELE,SUBMIT,SELL,73.12,0,REPRICE ask-2tick=73.12
2026-04-09T16:07:05.680039,2024-12-10 09:33:54,HELE,REPRICE,,,,BUY@72.03 SELL@73.12
2026-04-09T16:07:06.683990,2024-12-10 09:33:54,JACK,SUBMIT,SELL,47.6,1,LIQ_MID cycle=14 mid=47.6
2026-04-09T16:07:06.685181,2024-12-10 09:33:54,JACK,LIQ_REPRICE,SELL,47.6,1,cycle=14
2026-04-09T16:07:06.686182,2024-12-10 09:33:54,SHOO,CYCLE_CHECK,,,0,bid_filled=False ask_filled=False bid=43.39 ask=43.61
2026-04-09T16:07:07.692832,2024-12-10 09:33:54,SHOO,SUBMIT,BUY,43.41,0,REPRICE bid+2tick=43.41
2026-04-09T16:07:07.694852,2024-12-10 09:33:54,SHOO,SUBMIT,SELL,43.59,0,REPRICE ask-2tick=43.59
2026-04-09T16:07:07.696519,2024-12-10 09:33:54,SHOO,REPRICE,,,,BUY@43.41 SELL@43.59
2026-04-09T16:07:08.202746,2024-12-10 09:34:03,TXRH,CYCLE_CHECK,,,0,bid_filled=False ask_filled=False bid=191.13 ask=191.85
2026-04-09T16:07:09.205183,2024-12-10 09:34:03,TXRH,SUBMIT,BUY,191.15,0,REPRICE bid+2tick=191.15
2026-04-09T16:07:09.208290,2024-12-10 09:34:03,TXRH,SUBMIT,SELL,191.83,0,REPRICE ask-2tick=191.83
2026-04-09T16:07:09.208734,2024-12-10 09:34:03,TXRH,REPRICE,,,,BUY@191.15 SELL@191.83
2026-04-09T16:07:09.209574,2024-12-10 09:34:03,CROX,CYCLE_CHECK,,,0,bid_filled=False ask_filled=False bid=110.77 ask=111.1
2026-04-09T16:07:10.216167,2024-12-10 09:34:03,CROX,SUBMIT,BUY,110.79,0,REPRICE bid+2tick=110.79
2026-04-09T16:07:10.217145,2024-12-10 09:34:03,CROX,SUBMIT,SELL,111.08,0,REPRICE ask-2tick=111.08
2026-04-09T16:07:10.217630,2024-12-10 09:34:03,CROX,REPRICE,,,,BUY@110.79 SELL@111.08
2026-04-09T16:07:11.224776,2024-12-10 09:34:03,PZZA,SUBMIT,SELL,48.89,1,LIQ_MID cycle=7 mid=48.89
2026-04-09T16:07:11.226062,2024-12-10 09:34:03,PZZA,LIQ_REPRICE,SELL,48.89,1,cycle=7
2026-04-09T16:07:12.241885,2024-12-10 09:34:03,CAR,SUBMIT,SELL,99.74,1,LIQ_MID cycle=28 mid=99.74
2026-04-09T16:07:12.248933,2024-12-10 09:34:03,CAR,LIQ_REPRICE,SELL,99.74,1,cycle=28
2026-04-09T16:07:12.251266,2024-12-10 09:34:03,HELE,CYCLE_CHECK,,,0,bid_filled=False ask_filled=False bid=72.01 ask=73.14
2026-04-09T16:07:13.258306,2024-12-10 09:34:03,HELE,SUBMIT,BUY,72.03,0,REPRICE bid+2tick=72.03
2026-04-09T16:07:13.260078,2024-12-10 09:34:03,HELE,SUBMIT,SELL,73.12,0,REPRICE ask-2tick=73.12
2026-04-09T16:07:13.263392,2024-12-10 09:34:03,HELE,REPRICE,,,,BUY@72.03 SELL@73.12
2026-04-09T16:07:14.274083,2024-12-10 09:34:03,JACK,SUBMIT,SELL,47.6,1,LIQ_MID cycle=15 mid=47.6
2026-04-09T16:07:14.277024,2024-12-10 09:34:03,JACK,LIQ_REPRICE,SELL,47.6,1,cycle=15
2026-04-09T16:07:14.282385,2024-12-10 09:34:03,SHOO,CYCLE_CHECK,,,0,bid_filled=False ask_filled=False bid=43.39 ask=43.61
2026-04-09T16:07:15.287738,2024-12-10 09:34:03,SHOO,SUBMIT,BUY,43.41,0,REPRICE bid+2tick=43.41
2026-04-09T16:07:15.289137,2024-12-10 09:34:03,SHOO,SUBMIT,SELL,43.59,0,REPRICE ask-2tick=43.59
2026-04-09T16:07:15.289548,2024-12-10 09:34:03,SHOO,REPRICE,,,,BUY@43.41 SELL@43.59
2026-04-09T16:07:15.796132,2024-12-10 09:34:09,TXRH,CYCLE_CHECK,,,0,bid_filled=False ask_filled=False bid=191.13 ask=191.85
2026-04-09T16:07:16.799444,2024-12-10 09:34:09,TXRH,SUBMIT,BUY,191.15,0,REPRICE bid+2tick=191.15
2026-04-09T16:07:16.801057,2024-12-10 09:34:09,TXRH,SUBMIT,SELL,191.83,0,REPRICE ask-2tick=191.83
2026-04-09T16:07:16.801367,2024-12-10 09:34:09,TXRH,REPRICE,,,,BUY@191.15 SELL@191.83
2026-04-09T16:07:16.801970,2024-12-10 09:34:09,CROX,CYCLE_CHECK,,,0,bid_filled=False ask_filled=False bid=110.78 ask=111.1
2026-04-09T16:07:17.810110,2024-12-10 09:34:09,CROX,SUBMIT,BUY,110.8,0,REPRICE bid+2tick=110.8
2026-04-09T16:07:17.811053,2024-12-10 09:34:09,CROX,SUBMIT,SELL,111.08,0,REPRICE ask-2tick=111.08
2026-04-09T16:07:17.811423,2024-12-10 09:34:09,CROX,REPRICE,,,,BUY@110.8 SELL@111.08
2026-04-09T16:07:18.821862,2024-12-10 09:34:09,PZZA,SUBMIT,SELL,48.89,1,LIQ_MID cycle=8 mid=48.89
2026-04-09T16:07:18.828018,2024-12-10 09:34:09,PZZA,LIQ_REPRICE,SELL,48.89,1,cycle=8
2026-04-09T16:07:19.832395,2024-12-10 09:34:09,CAR,SUBMIT,SELL,99.74,1,LIQ_MID cycle=29 mid=99.74
2026-04-09T16:07:19.833625,2024-12-10 09:34:09,CAR,LIQ_REPRICE,SELL,99.74,1,cycle=29
2026-04-09T16:07:19.834408,2024-12-10 09:34:09,HELE,CYCLE_CHECK,,,0,bid_filled=False ask_filled=False bid=72.0 ask=72.96
2026-04-09T16:07:20.844253,2024-12-10 09:34:09,HELE,SUBMIT,BUY,72.02,0,REPRICE bid+2tick=72.02
2026-04-09T16:07:20.845298,2024-12-10 09:34:09,HELE,SUBMIT,SELL,72.94,0,REPRICE ask-2tick=72.94
2026-04-09T16:07:20.845697,2024-12-10 09:34:09,HELE,REPRICE,,,,BUY@72.02 SELL@72.94
2026-04-09T16:07:21.856821,2024-12-10 09:34:09,JACK,SUBMIT,SELL,47.58,1,LIQ_MID cycle=16 mid=47.58
2026-04-09T16:07:21.860878,2024-12-10 09:34:09,JACK,LIQ_REPRICE,SELL,47.58,1,cycle=16
2026-04-09T16:07:21.861882,2024-12-10 09:34:09,SHOO,CYCLE_CHECK,,,0,bid_filled=False ask_filled=False bid=43.39 ask=43.61
2026-04-09T16:07:22.868710,2024-12-10 09:34:09,SHOO,SUBMIT,BUY,43.41,0,REPRICE bid+2tick=43.41
2026-04-09T16:07:22.873033,2024-12-10 09:34:09,SHOO,SUBMIT,SELL,43.59,0,REPRICE ask-2tick=43.59
2026-04-09T16:07:22.873687,2024-12-10 09:34:09,SHOO,REPRICE,,,,BUY@43.41 SELL@43.59
2026-04-09T16:07:23.387008,2024-12-10 09:34:19,TXRH,CYCLE_CHECK,,,0,bid_filled=False ask_filled=False bid=191.13 ask=191.85
2026-04-09T16:07:24.406116,2024-12-10 09:34:19,TXRH,SUBMIT,BUY,191.15,0,REPRICE bid+2tick=191.15
2026-04-09T16:07:24.410485,2024-12-10 09:34:19,TXRH,SUBMIT,SELL,191.83,0,REPRICE ask-2tick=191.83
2026-04-09T16:07:24.410945,2024-12-10 09:34:19,TXRH,REPRICE,,,,BUY@191.15 SELL@191.83
2026-04-09T16:07:24.412354,2024-12-10 09:34:19,CROX,CYCLE_CHECK,,,0,bid_filled=False ask_filled=False bid=110.78 ask=111.1
2026-04-09T16:07:25.425845,2024-12-10 09:34:19,CROX,SUBMIT,BUY,110.8,0,REPRICE bid+2tick=110.8
2026-04-09T16:07:25.430237,2024-12-10 09:34:19,CROX,SUBMIT,SELL,111.08,0,REPRICE ask-2tick=111.08
2026-04-09T16:07:25.430468,2024-12-10 09:34:19,CROX,REPRICE,,,,BUY@110.8 SELL@111.08
2026-04-09T16:07:25.431251,2024-12-10 09:34:19,PZZA,LIQ_COMPLETE,,,0,position closed → IDLE
2026-04-09T16:07:27.443987,2024-12-10 09:34:19,CAR,SUBMIT,SELL,99.74,1,LIQ_MID cycle=30 mid=99.74
2026-04-09T16:07:27.446556,2024-12-10 09:34:19,CAR,LIQ_REPRICE,SELL,99.74,1,cycle=30
2026-04-09T16:07:27.447966,2024-12-10 09:34:19,HELE,CYCLE_CHECK,,,0,bid_filled=False ask_filled=False bid=72.0 ask=72.96
2026-04-09T16:07:28.454413,2024-12-10 09:34:19,HELE,SUBMIT,BUY,72.02,0,REPRICE bid+2tick=72.02
2026-04-09T16:07:28.455384,2024-12-10 09:34:19,HELE,SUBMIT,SELL,72.94,0,REPRICE ask-2tick=72.94
2026-04-09T16:07:28.455677,2024-12-10 09:34:19,HELE,REPRICE,,,,BUY@72.02 SELL@72.94
2026-04-09T16:07:29.465960,2024-12-10 09:34:19,JACK,SUBMIT,SELL,47.58,1,LIQ_MID cycle=17 mid=47.58
2026-04-09T16:07:29.469675,2024-12-10 09:34:19,JACK,LIQ_REPRICE,SELL,47.58,1,cycle=17
2026-04-09T16:07:29.473755,2024-12-10 09:34:19,SHOO,CYCLE_CHECK,,,0,bid_filled=False ask_filled=False bid=43.39 ask=43.61
2026-04-09T16:07:30.481871,2024-12-10 09:34:19,SHOO,SUBMIT,BUY,43.41,0,REPRICE bid+2tick=43.41
2026-04-09T16:07:30.483386,2024-12-10 09:34:19,SHOO,SUBMIT,SELL,43.59,0,REPRICE ask-2tick=43.59
2026-04-09T16:07:30.483935,2024-12-10 09:34:19,SHOO,REPRICE,,,,BUY@43.41 SELL@43.59
2026-04-09T16:07:30.987228,2024-12-10 09:34:21,TXRH,CYCLE_CHECK,,,0,bid_filled=False ask_filled=False bid=191.13 ask=191.85
2026-04-09T16:07:31.994665,2024-12-10 09:34:21,TXRH,SUBMIT,BUY,191.15,0,REPRICE bid+2tick=191.15
2026-04-09T16:07:31.995611,2024-12-10 09:34:21,TXRH,SUBMIT,SELL,191.83,0,REPRICE ask-2tick=191.83
2026-04-09T16:07:31.995987,2024-12-10 09:34:21,TXRH,REPRICE,,,,BUY@191.15 SELL@191.83
2026-04-09T16:07:31.996722,2024-12-10 09:34:21,CROX,CYCLE_CHECK,,,0,bid_filled=False ask_filled=False bid=110.78 ask=111.1
2026-04-09T16:07:33.001480,2024-12-10 09:34:21,CROX,SUBMIT,BUY,110.8,0,REPRICE bid+2tick=110.8
2026-04-09T16:07:33.002662,2024-12-10 09:34:21,CROX,SUBMIT,SELL,111.08,0,REPRICE ask-2tick=111.08
2026-04-09T16:07:33.002990,2024-12-10 09:34:21,CROX,REPRICE,,,,BUY@110.8 SELL@111.08
2026-04-09T16:07:34.130102,2024-12-10 09:34:21,PZZA,SUBMIT,BUY,48.73,0,PAIR bid+2tick=48.73
2026-04-09T16:07:34.130445,2024-12-10 09:34:21,PZZA,SUBMIT,SELL,49.06,0,PAIR ask-2tick=49.06
2026-04-09T16:07:34.130542,2024-12-10 09:34:21,PZZA,QUOTING,,,,BUY@48.73 SELL@49.06
2026-04-09T16:07:35.140843,2024-12-10 09:34:21,CAR,SUBMIT,SELL,99.74,1,LIQ_MID cycle=31 mid=99.74
2026-04-09T16:07:35.144132,2024-12-10 09:34:21,CAR,LIQ_REPRICE,SELL,99.74,1,cycle=31
2026-04-09T16:07:35.146137,2024-12-10 09:34:21,HELE,CYCLE_CHECK,,,0,bid_filled=False ask_filled=False bid=72.0 ask=72.93
2026-04-09T16:07:36.152544,2024-12-10 09:34:21,HELE,SUBMIT,BUY,72.02,0,REPRICE bid+2tick=72.02
2026-04-09T16:07:36.153135,2024-12-10 09:34:21,HELE,SUBMIT,SELL,72.91,0,REPRICE ask-2tick=72.91
2026-04-09T16:07:36.153285,2024-12-10 09:34:21,HELE,REPRICE,,,,BUY@72.02 SELL@72.91
2026-04-09T16:07:37.159916,2024-12-10 09:34:21,JACK,SUBMIT,SELL,47.56,1,LIQ_MID cycle=18 mid=47.56
2026-04-09T16:07:37.160476,2024-12-10 09:34:21,JACK,LIQ_REPRICE,SELL,47.56,1,cycle=18
2026-04-09T16:07:37.161030,2024-12-10 09:34:21,SHOO,CYCLE_CHECK,,,0,bid_filled=False ask_filled=False bid=43.39 ask=43.61
2026-04-09T16:07:38.167088,2024-12-10 09:34:21,SHOO,SUBMIT,BUY,43.41,0,REPRICE bid+2tick=43.41
2026-04-09T16:07:38.168698,2024-12-10 09:34:21,SHOO,SUBMIT,SELL,43.59,0,REPRICE ask-2tick=43.59
2026-04-09T16:07:38.169055,2024-12-10 09:34:21,SHOO,REPRICE,,,,BUY@43.41 SELL@43.59
2026-04-09T16:07:38.756335,2024-12-10 09:34:32,TXRH,CYCLE_CHECK,,,0,bid_filled=False ask_filled=False bid=191.13 ask=191.85
2026-04-09T16:07:39.769897,2024-12-10 09:34:32,TXRH,SUBMIT,BUY,191.15,0,REPRICE bid+2tick=191.15
2026-04-09T16:07:39.773363,2024-12-10 09:34:32,TXRH,SUBMIT,SELL,191.83,0,REPRICE ask-2tick=191.83
2026-04-09T16:07:39.773729,2024-12-10 09:34:32,TXRH,REPRICE,,,,BUY@191.15 SELL@191.83
2026-04-09T16:07:39.775081,2024-12-10 09:34:32,CROX,CYCLE_CHECK,,,0,bid_filled=False ask_filled=False bid=110.78 ask=111.1
2026-04-09T16:07:40.779635,2024-12-10 09:34:32,CROX,SUBMIT,BUY,110.8,0,REPRICE bid+2tick=110.8
2026-04-09T16:07:40.781210,2024-12-10 09:34:32,CROX,SUBMIT,SELL,111.08,0,REPRICE ask-2tick=111.08
2026-04-09T16:07:40.781679,2024-12-10 09:34:32,CROX,REPRICE,,,,BUY@110.8 SELL@111.08
2026-04-09T16:07:40.782932,2024-12-10 09:34:32,PZZA,CYCLE_CHECK,,,0,bid_filled=False ask_filled=False bid=48.71 ask=49.08
2026-04-09T16:07:41.790443,2024-12-10 09:34:32,PZZA,SUBMIT,BUY,48.73,0,REPRICE bid+2tick=48.73
2026-04-09T16:07:41.792485,2024-12-10 09:34:32,PZZA,SUBMIT,SELL,49.06,0,REPRICE ask-2tick=49.06
2026-04-09T16:07:41.792940,2024-12-10 09:34:32,PZZA,REPRICE,,,,BUY@48.73 SELL@49.06
2026-04-09T16:07:42.803823,2024-12-10 09:34:32,CAR,SUBMIT,SELL,99.38,1,LIQ_MID cycle=32 mid=99.38
2026-04-09T16:07:42.805338,2024-12-10 09:34:32,CAR,LIQ_REPRICE,SELL,99.38,1,cycle=32
2026-04-09T16:07:42.806134,2024-12-10 09:34:32,HELE,CYCLE_CHECK,,,0,bid_filled=False ask_filled=False bid=72.0 ask=72.93
2026-04-09T16:07:43.812715,2024-12-10 09:34:32,HELE,SUBMIT,BUY,72.02,0,REPRICE bid+2tick=72.02
2026-04-09T16:07:43.815438,2024-12-10 09:34:32,HELE,SUBMIT,SELL,72.91,0,REPRICE ask-2tick=72.91
2026-04-09T16:07:43.816020,2024-12-10 09:34:32,HELE,REPRICE,,,,BUY@72.02 SELL@72.91
2026-04-09T16:07:44.823193,2024-12-10 09:34:32,JACK,SUBMIT,SELL,47.56,1,LIQ_MID cycle=19 mid=47.56
2026-04-09T16:07:44.823981,2024-12-10 09:34:32,JACK,LIQ_REPRICE,SELL,47.56,1,cycle=19
2026-04-09T16:07:44.825481,2024-12-10 09:34:32,SHOO,CYCLE_CHECK,,,0,bid_filled=False ask_filled=False bid=43.39 ask=43.61
2026-04-09T16:07:45.834959,2024-12-10 09:34:32,SHOO,SUBMIT,BUY,43.41,0,REPRICE bid+2tick=43.41
2026-04-09T16:07:45.838827,2024-12-10 09:34:32,SHOO,SUBMIT,SELL,43.59,0,REPRICE ask-2tick=43.59
2026-04-09T16:07:45.839409,2024-12-10 09:34:32,SHOO,REPRICE,,,,BUY@43.41 SELL@43.59
